Date      , Coin       , Open                 , High                 , Low                  , Close
2025-07-26, bitcoin    , 117540.80837085741   , 117540.80837085741   , 117540.80837085741   , 117540.80837085741
2025-07-27, bitcoin    , 117959.54234360624   , 117959.54234360624   , 117959.54234360624   , 117959.54234360624
2025-07-28, bitcoin    , 119418.91405141471   , 119418.91405141471   , 119418.91405141471   , 119418.91405141471
2025-07-29, bitcoin    , 118003.30201607826   , 118003.30201607826   , 118003.30201607826   , 118003.30201607826
2025-07-30, bitcoin    , 117853.30892863822   , 117853.30892863822   , 117853.30892863822   , 117853.30892863822
2025-07-31, bitcoin    , 117833.24087995925   , 117833.24087995925   , 117833.24087995925   , 117833.24087995925
2025-08-01, bitcoin    , 115700.00243915782   , 115700.00243915782   , 115700.00243915782   , 115700.00243915782
2025-08-02, bitcoin    , 113234.6051343189    , 113234.6051343189    , 113234.6051343189    , 113234.6051343189
2025-08-03, bitcoin    , 112554.90232221723   , 112554.90232221723   , 112554.90232221723   , 112554.90232221723
2025-08-04, bitcoin    , 114199.10966460757   , 114199.10966460757   , 114199.10966460757   , 114199.10966460757
2025-08-05, bitcoin    , 115138.68613070177   , 115138.68613070177   , 115138.68613070177   , 115138.68613070177
2025-08-06, bitcoin    , 114128.35408881678   , 114128.35408881678   , 114128.35408881678   , 114128.35408881678
2025-08-07, bitcoin    , 115022.09576830892   , 115022.09576830892   , 115022.09576830892   , 115022.09576830892
2025-08-08, bitcoin    , 117463.47451085235   , 117463.47451085235   , 117463.47451085235   , 117463.47451085235
2025-08-09, bitcoin    , 116688.36663186055   , 116688.36663186055   , 116688.36663186055   , 116688.36663186055
2025-08-10, bitcoin    , 116510.08393213755   , 116510.08393213755   , 116510.08393213755   , 116510.08393213755
2025-08-11, bitcoin    , 119266.92516880555   , 119266.92516880555   , 119266.92516880555   , 119266.92516880555
2025-08-12, bitcoin    , 118773.79960860992   , 118773.79960860992   , 118773.79960860992   , 118773.79960860992
2025-08-13, bitcoin    , 120202.53485503166   , 120202.53485503166   , 120202.53485503166   , 120202.53485503166
2025-08-14, bitcoin    , 123560.99363577305   , 123560.99363577305   , 123560.99363577305   , 123560.99363577305
2025-08-15, bitcoin    , 118405.59579823953   , 118405.59579823953   , 118405.59579823953   , 118405.59579823953
2025-08-16, bitcoin    , 117339.79190213277   , 117339.79190213277   , 117339.79190213277   , 117339.79190213277
2025-08-17, bitcoin    , 117501.21653394958   , 117501.21653394958   , 117501.21653394958   , 117501.21653394958
2025-08-18, bitcoin    , 117542.83687778088   , 117542.83687778088   , 117542.83687778088   , 117542.83687778088
2025-08-19, bitcoin    , 116256.41276740946   , 116256.41276740946   , 116256.41276740946   , 116256.41276740946
2025-08-20, bitcoin    , 112778.34483555844   , 112778.34483555844   , 112778.34483555844   , 112778.34483555844
2025-08-21, bitcoin    , 114252.39755195397   , 114252.39755195397   , 114252.39755195397   , 114252.39755195397
2025-08-22, bitcoin    , 112414.39987336512   , 112414.39987336512   , 112414.39987336512   , 112414.39987336512
2025-08-23, bitcoin    , 116834.24948202295   , 116834.24948202295   , 116834.24948202295   , 116834.24948202295
2025-08-24, bitcoin    , 115359.98346714744   , 115359.98346714744   , 115359.98346714744   , 115359.98346714744
2025-08-25, bitcoin    , 113399.54847314971   , 113399.54847314971   , 113399.54847314971   , 113399.54847314971
2025-08-26, bitcoin    , 110185.35443900425   , 110185.35443900425   , 110185.35443900425   , 110185.35443900425
2025-08-27, bitcoin    , 111842.70999260596   , 111842.70999260596   , 111842.70999260596   , 111842.70999260596
2025-08-28, bitcoin    , 111216.08479629169   , 111216.08479629169   , 111216.08479629169   , 111216.08479629169
2025-08-29, bitcoin    , 112525.59740669793   , 112525.59740669793   , 112525.59740669793   , 112525.59740669793
2025-08-30, bitcoin    , 108480.30666639366   , 108480.30666639366   , 108480.30666639366   , 108480.30666639366
2025-08-31, bitcoin    , 108781.95727925687   , 108781.95727925687   , 108781.95727925687   , 108781.95727925687
2025-09-01, bitcoin    , 108253.36092385623   , 108253.36092385623   , 108253.36092385623   , 108253.36092385623
2025-09-02, bitcoin    , 109162.68557992298   , 109162.68557992298   , 109162.68557992298   , 109162.68557992298
2025-09-03, bitcoin    , 111190.18209845416   , 111190.18209845416   , 111190.18209845416   , 111190.18209845416
2025-09-04, bitcoin    , 111711.51977725117   , 111711.51977725117   , 111711.51977725117   , 111711.51977725117
2025-09-05, bitcoin    , 110724.736377486     , 110724.736377486     , 110724.736377486     , 110724.736377486
2025-09-06, bitcoin    , 110662.18112628513   , 110662.18112628513   , 110662.18112628513   , 110662.18112628513
2025-09-07, bitcoin    , 110209.1888247784    , 110209.1888247784    , 110209.1888247784    , 110209.1888247784
2025-09-08, bitcoin    , 111131.9923868407    , 111131.9923868407    , 111131.9923868407    , 111131.9923868407
2025-09-09, bitcoin    , 112025.12878118771   , 112025.12878118771   , 112025.12878118771   , 112025.12878118771
2025-09-10, bitcoin    , 111547.43956434788   , 111547.43956434788   , 111547.43956434788   , 111547.43956434788
2025-09-11, bitcoin    , 113975.32489468766   , 113975.32489468766   , 113975.32489468766   , 113975.32489468766
2025-09-12, bitcoin    , 115503.16663193036   , 115503.16663193036   , 115503.16663193036   , 115503.16663193036
2025-09-13, bitcoin    , 116160.14344594491   , 116160.14344594491   , 116160.14344594491   , 116160.14344594491
2025-09-14, bitcoin    , 115970.58488443034   , 115970.58488443034   , 115970.58488443034   , 115970.58488443034
2025-09-15, bitcoin    , 115373.55555886829   , 115373.55555886829   , 115373.55555886829   , 115373.55555886829
2025-09-16, bitcoin    , 115397.25272727509   , 115397.25272727509   , 115397.25272727509   , 115397.25272727509
2025-09-17, bitcoin    , 116762.8496864193    , 116762.8496864193    , 116762.8496864193    , 116762.8496864193
2025-09-18, bitcoin    , 116455.94648225319   , 116455.94648225319   , 116455.94648225319   , 116455.94648225319
2025-09-19, bitcoin    , 117145.49508952006   , 117145.49508952006   , 117145.49508952006   , 117145.49508952006
2025-09-20, bitcoin    , 115655.81046441344   , 115655.81046441344   , 115655.81046441344   , 115655.81046441344
2025-09-21, bitcoin    , 115715.51536781774   , 115715.51536781774   , 115715.51536781774   , 115715.51536781774
2025-09-22, bitcoin    , 115304.47999407038   , 115304.47999407038   , 115304.47999407038   , 115304.47999407038
2025-09-23, bitcoin    , 112696.74101711863   , 112696.74101711863   , 112696.74101711863   , 112696.74101711863
2025-09-24, bitcoin    , 112022.16587861195   , 112022.16587861195   , 112022.16587861195   , 112022.16587861195
2025-09-25, bitcoin    , 113320.56908541008   , 113320.56908541008   , 113320.56908541008   , 113320.56908541008
2025-09-26, bitcoin    , 108963.53013595635   , 108963.53013595635   , 108963.53013595635   , 108963.53013595635
2025-09-27, bitcoin    , 109710.20874667744   , 109710.20874667744   , 109710.20874667744   , 109710.20874667744
2025-09-28, bitcoin    , 109654.81021075726   , 109654.81021075726   , 109654.81021075726   , 109654.81021075726
2025-09-29, bitcoin    , 112142.57362752674   , 112142.57362752674   , 112142.57362752674   , 112142.57362752674
2025-09-30, bitcoin    , 114309.15041119447   , 114309.15041119447   , 114309.15041119447   , 114309.15041119447
2025-10-01, bitcoin    , 114024.22783550054   , 114024.22783550054   , 114024.22783550054   , 114024.22783550054
2025-10-02, bitcoin    , 118503.24451752483   , 118503.24451752483   , 118503.24451752483   , 118503.24451752483
2025-10-03, bitcoin    , 120611.71911591051   , 120611.71911591051   , 120611.71911591051   , 120611.71911591051
2025-10-04, bitcoin    , 122250.15186842803   , 122250.15186842803   , 122250.15186842803   , 122250.15186842803
2025-10-05, bitcoin    , 122380.93708463266   , 122380.93708463266   , 122380.93708463266   , 122380.93708463266
2025-10-06, bitcoin    , 123506.18520027678   , 123506.18520027678   , 123506.18520027678   , 123506.18520027678
2025-10-07, bitcoin    , 124773.50823074432   , 124773.50823074432   , 124773.50823074432   , 124773.50823074432
2025-10-08, bitcoin    , 121518.75593575071   , 121518.75593575071   , 121518.75593575071   , 121518.75593575071
2025-10-09, bitcoin    , 123352.50487523204   , 123352.50487523204   , 123352.50487523204   , 123352.50487523204
2025-10-10, bitcoin    , 121698.03066778315   , 121698.03066778315   , 121698.03066778315   , 121698.03066778315
2025-10-11, bitcoin    , 113201.74064138904   , 113201.74064138904   , 113201.74064138904   , 113201.74064138904
2025-10-12, bitcoin    , 110853.11663883903   , 110853.11663883903   , 110853.11663883903   , 110853.11663883903
2025-10-13, bitcoin    , 115189.5714637257    , 115189.5714637257    , 115189.5714637257    , 115189.5714637257
2025-10-14, bitcoin    , 115222.28302116522   , 115222.28302116522   , 115222.28302116522   , 115222.28302116522
2025-10-15, bitcoin    , 113156.56943826913   , 113156.56943826913   , 113156.56943826913   , 113156.56943826913
2025-10-16, bitcoin    , 110708.66960879423   , 110708.66960879423   , 110708.66960879423   , 110708.66960879423
2025-10-17, bitcoin    , 108076.72862033188   , 108076.72862033188   , 108076.72862033188   , 108076.72862033188
2025-10-18, bitcoin    , 106443.61194984635   , 106443.61194984635   , 106443.61194984635   , 106443.61194984635
2025-10-19, bitcoin    , 107156.00337647724   , 107156.00337647724   , 107156.00337647724   , 107156.00337647724
2025-10-20, bitcoin    , 108621.134857428     , 108621.134857428     , 108621.134857428     , 108621.134857428
2025-10-21, bitcoin    , 110608.5714932665    , 110608.5714932665    , 110608.5714932665    , 110608.5714932665
2025-10-22, bitcoin    , 108486.10262716639   , 108486.10262716639   , 108486.10262716639   , 108486.10262716639
2025-10-23, bitcoin    , 107618.4266715404    , 107618.4266715404    , 107618.4266715404    , 107618.4266715404
2025-10-24, bitcoin    , 110048.51827291629   , 110048.51827291629   , 110048.51827291629   , 110048.51827291629
2025-10-25, bitcoin    , 110997.80437129698   , 110997.80437129698   , 110997.80437129698   , 110997.80437129698
2025-10-26, bitcoin    , 111620.3093731354    , 111620.3093731354    , 111620.3093731354    , 111620.3093731354
2025-10-27, bitcoin    , 114476.01227508577   , 114476.01227508577   , 114476.01227508577   , 114476.01227508577
2025-10-28, bitcoin    , 114182.79442806762   , 114182.79442806762   , 114182.79442806762   , 114182.79442806762
2025-10-29, bitcoin    , 112950.34863259472   , 112950.34863259472   , 112950.34863259472   , 112950.34863259472
2025-10-30, bitcoin    , 110046.66925837283   , 110046.66925837283   , 110046.66925837283   , 110046.66925837283
2025-10-31, bitcoin    , 108240.76528725718   , 108240.76528725718   , 108240.76528725718   , 108240.76528725718
2025-11-01, bitcoin    , 109573.90555629115   , 109573.90555629115   , 109573.90555629115   , 109573.90555629115
2025-11-02, bitcoin    , 110014.13556776087   , 110014.13556776087   , 110014.13556776087   , 110014.13556776087
2025-11-03, bitcoin    , 110650.2092823146    , 110650.2092823146    , 110650.2092823146    , 110650.2092823146
2025-11-04, bitcoin    , 106521.08673825761   , 106521.08673825761   , 106521.08673825761   , 106521.08673825761
2025-11-05, bitcoin    , 101635.2740227234    , 101635.2740227234    , 101635.2740227234    , 101635.2740227234
2025-11-06, bitcoin    , 103877.95965955159   , 103877.95965955159   , 103877.95965955159   , 103877.95965955159
2025-11-07, bitcoin    , 101322.6402945857    , 101322.6402945857    , 101322.6402945857    , 101322.6402945857
2025-11-08, bitcoin    , 103396.084215925     , 103396.084215925     , 103396.084215925     , 103396.084215925
2025-11-09, bitcoin    , 102290.13714655167   , 102290.13714655167   , 102290.13714655167   , 102290.13714655167
2025-11-10, bitcoin    , 104709.67861656273   , 104709.67861656273   , 104709.67861656273   , 104709.67861656273
2025-11-11, bitcoin    , 105909.07272321742   , 105909.07272321742   , 105909.07272321742   , 105909.07272321742
2025-11-12, bitcoin    , 102960.77564500563   , 102960.77564500563   , 102960.77564500563   , 102960.77564500563
2025-11-13, bitcoin    , 101521.70859453593   , 101521.70859453593   , 101521.70859453593   , 101521.70859453593
2025-11-14, bitcoin    ,  99730.4533956204    ,  99730.4533956204    ,  99730.4533956204    ,  99730.4533956204
2025-11-15, bitcoin    ,  94456.39368235337   ,  94456.39368235337   ,  94456.39368235337   ,  94456.39368235337
2025-11-16, bitcoin    ,  95508.31019889197   ,  95508.31019889197   ,  95508.31019889197   ,  95508.31019889197
2025-11-17, bitcoin    ,  94411.32947182967   ,  94411.32947182967   ,  94411.32947182967   ,  94411.32947182967
2025-11-18, bitcoin    ,  92036.7255045672    ,  92036.7255045672    ,  92036.7255045672    ,  92036.7255045672
2025-11-19, bitcoin    ,  92819.75921500899   ,  92819.75921500899   ,  92819.75921500899   ,  92819.75921500899
2025-11-20, bitcoin    ,  91363.27838693369   ,  91363.27838693369   ,  91363.27838693369   ,  91363.27838693369
2025-11-21, bitcoin    ,  86649.97257918229   ,  86649.97257918229   ,  86649.97257918229   ,  86649.97257918229
2025-11-22, bitcoin    ,  85051.8019295002    ,  85051.8019295002    ,  85051.8019295002    ,  85051.8019295002
2025-11-23, bitcoin    ,  84682.62429147748   ,  84682.62429147748   ,  84682.62429147748   ,  84682.62429147748
2025-11-24, bitcoin    ,  86783.84766839583   ,  86783.84766839583   ,  86783.84766839583   ,  86783.84766839583
2025-11-25, bitcoin    ,  88229.35740719768   ,  88229.35740719768   ,  88229.35740719768   ,  88229.35740719768
2025-11-26, bitcoin    ,  87310.33159950442   ,  87310.33159950442   ,  87310.33159950442   ,  87310.33159950442
2025-11-27, bitcoin    ,  90474.22677969698   ,  90474.22677969698   ,  90474.22677969698   ,  90474.22677969698
2025-11-28, bitcoin    ,  91279.06057176423   ,  91279.06057176423   ,  91279.06057176423   ,  91279.06057176423
2025-11-29, bitcoin    ,  90950.37695910994   ,  90950.37695910994   ,  90950.37695910994   ,  90950.37695910994
2025-11-30, bitcoin    ,  90841.45258193677   ,  90841.45258193677   ,  90841.45258193677   ,  90841.45258193677
2025-12-01, bitcoin    ,  90406.28448571145   ,  90406.28448571145   ,  90406.28448571145   ,  90406.28448571145
2025-12-02, bitcoin    ,  86281.49519776918   ,  86281.49519776918   ,  86281.49519776918   ,  86281.49519776918
2025-12-03, bitcoin    ,  91344.73275150165   ,  91344.73275150165   ,  91344.73275150165   ,  91344.73275150165
2025-12-04, bitcoin    ,  93619.43750817103   ,  93619.43750817103   ,  93619.43750817103   ,  93619.43750817103
2025-12-05, bitcoin    ,  92140.70419795791   ,  92140.70419795791   ,  92140.70419795791   ,  92140.70419795791
2025-12-06, bitcoin    ,  89307.09154512963   ,  89307.09154512963   ,  89307.09154512963   ,  89307.09154512963
2025-12-07, bitcoin    ,  89244.7620814118    ,  89244.7620814118    ,  89244.7620814118    ,  89244.7620814118
2025-12-08, bitcoin    ,  90162.90714007126   ,  90162.90714007126   ,  90162.90714007126   ,  90162.90714007126
2025-12-09, bitcoin    ,  90618.0535204608    ,  90618.0535204608    ,  90618.0535204608    ,  90618.0535204608
2025-12-10, bitcoin    ,  92723.21372069631   ,  92723.21372069631   ,  92723.21372069631   ,  92723.21372069631
2025-12-11, bitcoin    ,  92005.13714957413   ,  92005.13714957413   ,  92005.13714957413   ,  92005.13714957413
2025-12-12, bitcoin    ,  92494.17691640415   ,  92494.17691640415   ,  92494.17691640415   ,  92494.17691640415
2025-12-13, bitcoin    ,  90307.26028567803   ,  90307.26028567803   ,  90307.26028567803   ,  90307.26028567803
2025-12-14, bitcoin    ,  90257.4292885891    ,  90257.4292885891    ,  90257.4292885891    ,  90257.4292885891
2025-12-15, bitcoin    ,  88230.77409367911   ,  88230.77409367911   ,  88230.77409367911   ,  88230.77409367911
2025-12-16, bitcoin    ,  86413.9190195637    ,  86413.9190195637    ,  86413.9190195637    ,  86413.9190195637
2025-12-17, bitcoin    ,  87821.88919109134   ,  87821.88919109134   ,  87821.88919109134   ,  87821.88919109134
2025-12-18, bitcoin    ,  86064.94716216      ,  86064.94716216      ,  86064.94716216      ,  86064.94716216
2025-12-19, bitcoin    ,  85450.3312009302    ,  85450.3312009302    ,  85450.3312009302    ,  85450.3312009302
2025-12-20, bitcoin    ,  88103.86075721023   ,  88103.86075721023   ,  88103.86075721023   ,  88103.86075721023
2025-12-21, bitcoin    ,  88347.94310567998   ,  88347.94310567998   ,  88347.94310567998   ,  88347.94310567998
2025-12-22, bitcoin    ,  88577.42038358838   ,  88577.42038358838   ,  88577.42038358838   ,  88577.42038358838
2025-12-23, bitcoin    ,  88491.12020788102   ,  88491.12020788102   ,  88491.12020788102   ,  88491.12020788102
2025-12-24, bitcoin    ,  87406.43636737975   ,  87406.43636737975   ,  87406.43636737975   ,  87406.43636737975
2025-12-25, bitcoin    ,  87642.60888119951   ,  87642.60888119951   ,  87642.60888119951   ,  87642.60888119951
2025-12-26, bitcoin    ,  87229.78066010943   ,  87229.78066010943   ,  87229.78066010943   ,  87229.78066010943
2025-12-27, bitcoin    ,  87305.95655961394   ,  87305.95655961394   ,  87305.95655961394   ,  87305.95655961394
2025-12-28, bitcoin    ,  87807.003210775     ,  87807.003210775     ,  87807.003210775     ,  87807.003210775
2025-12-29, bitcoin    ,  87822.90829076794   ,  87822.90829076794   ,  87822.90829076794   ,  87822.90829076794
2025-12-30, bitcoin    ,  87156.56266080117   ,  87156.56266080117   ,  87156.56266080117   ,  87156.56266080117
2025-12-31, bitcoin    ,  88414.62856073362   ,  88414.62856073362   ,  88414.62856073362   ,  88414.62856073362
2026-01-01, bitcoin    ,  87520.18048742875   ,  87520.18048742875   ,  87520.18048742875   ,  87520.18048742875
2026-01-02, bitcoin    ,  88727.67004249741   ,  88727.67004249741   ,  88727.67004249741   ,  88727.67004249741
2026-01-03, bitcoin    ,  89926.27924953419   ,  89926.27924953419   ,  89926.27924953419   ,  89926.27924953419
2026-01-04, bitcoin    ,  90593.85443180417   ,  90593.85443180417   ,  90593.85443180417   ,  90593.85443180417
2026-01-05, bitcoin    ,  91373.21588108438   ,  91373.21588108438   ,  91373.21588108438   ,  91373.21588108438
2026-01-06, bitcoin    ,  93926.7956485658    ,  93926.7956485658    ,  93926.7956485658    ,  93926.7956485658
2026-01-07, bitcoin    ,  93666.86387314305   ,  93666.86387314305   ,  93666.86387314305   ,  93666.86387314305
2026-01-08, bitcoin    ,  91257.15544035907   ,  91257.15544035907   ,  91257.15544035907   ,  91257.15544035907
2026-01-09, bitcoin    ,  90983.51578142625   ,  90983.51578142625   ,  90983.51578142625   ,  90983.51578142625
2026-01-10, bitcoin    ,  90504.89560340019   ,  90504.89560340019   ,  90504.89560340019   ,  90504.89560340019
2026-01-11, bitcoin    ,  90442.01907847001   ,  90442.01907847001   ,  90442.01907847001   ,  90442.01907847001
2026-01-12, bitcoin    ,  90819.36598904192   ,  90819.36598904192   ,  90819.36598904192   ,  90819.36598904192
2026-01-13, bitcoin    ,  91134.96917951507   ,  91134.96917951507   ,  91134.96917951507   ,  91134.96917951507
2026-01-14, bitcoin    ,  95260.4422971001    ,  95260.4422971001    ,  95260.4422971001    ,  95260.4422971001
2026-01-15, bitcoin    ,  97007.78078881276   ,  97007.78078881276   ,  97007.78078881276   ,  97007.78078881276
2026-01-16, bitcoin    ,  95584.82797878512   ,  95584.82797878512   ,  95584.82797878512   ,  95584.82797878512
2026-01-17, bitcoin    ,  95516.07771987123   ,  95516.07771987123   ,  95516.07771987123   ,  95516.07771987123
2026-01-18, bitcoin    ,  95099.53192554631   ,  95099.53192554631   ,  95099.53192554631   ,  95099.53192554631
2026-01-19, bitcoin    ,  93752.70577188236   ,  93752.70577188236   ,  93752.70577188236   ,  93752.70577188236
2026-01-20, bitcoin    ,  92558.46334372147   ,  92558.46334372147   ,  92558.46334372147   ,  92558.46334372147
2026-01-21, bitcoin    ,  88312.84053255555   ,  88312.84053255555   ,  88312.84053255555   ,  88312.84053255555
2026-01-22, bitcoin    ,  89354.34377512129   ,  89354.34377512129   ,  89354.34377512129   ,  89354.34377512129
2026-01-23, bitcoin    ,  89443.39744146909   ,  89443.39744146909   ,  89443.39744146909   ,  89443.39744146909
2026-01-24, bitcoin    ,  89412.39849953113   ,  89412.39849953113   ,  89412.39849953113   ,  89412.39849953113
2026-01-25, bitcoin    ,  89170.87364531498   ,  89170.87364531498   ,  89170.87364531498   ,  89170.87364531498
2026-01-26, bitcoin    ,  86548.32213469829   ,  86548.32213469829   ,  86548.32213469829   ,  86548.32213469829
2026-01-27, bitcoin    ,  88307.8612070438    ,  88307.8612070438    ,  88307.8612070438    ,  88307.8612070438
2026-01-28, bitcoin    ,  89204.22239644526   ,  89204.22239644526   ,  89204.22239644526   ,  89204.22239644526
2026-01-29, bitcoin    ,  89162.09701574955   ,  89162.09701574955   ,  89162.09701574955   ,  89162.09701574955
2026-01-30, bitcoin    ,  84570.40906135936   ,  84570.40906135936   ,  84570.40906135936   ,  84570.40906135936
2026-01-31, bitcoin    ,  84141.77856967277   ,  84141.77856967277   ,  84141.77856967277   ,  84141.77856967277
2026-02-01, bitcoin    ,  78725.85853884545   ,  78725.85853884545   ,  78725.85853884545   ,  78725.85853884545
2026-02-02, bitcoin    ,  76937.06406636834   ,  76937.06406636834   ,  76937.06406636834   ,  76937.06406636834
2026-02-03, bitcoin    ,  78767.65815345927   ,  78767.65815345927   ,  78767.65815345927   ,  78767.65815345927
2026-02-04, bitcoin    ,  75638.95670207398   ,  75638.95670207398   ,  75638.95670207398   ,  75638.95670207398
2026-02-05, bitcoin    ,  73172.29203248928   ,  73172.29203248928   ,  73172.29203248928   ,  73172.29203248928
2026-02-06, bitcoin    ,  62853.69038445987   ,  62853.69038445987   ,  62853.69038445987   ,  62853.69038445987
2026-02-07, bitcoin    ,  70523.95417035831   ,  70523.95417035831   ,  70523.95417035831   ,  70523.95417035831
2026-02-08, bitcoin    ,  69296.80677355142   ,  69296.80677355142   ,  69296.80677355142   ,  69296.80677355142
2026-02-09, bitcoin    ,  70542.37329463876   ,  70542.37329463876   ,  70542.37329463876   ,  70542.37329463876
2026-02-10, bitcoin    ,  70096.40692272567   ,  70096.40692272567   ,  68689.38463684509   ,  68689.38463684509
2025-07-26, ethereum   ,   3723.0529092785596 ,   3723.0529092785596 ,   3723.0529092785596 ,   3723.0529092785596
2025-07-27, ethereum   ,   3742.4314258659915 ,   3742.4314258659915 ,   3742.4314258659915 ,   3742.4314258659915
2025-07-28, ethereum   ,   3864.1248374654765 ,   3864.1248374654765 ,   3864.1248374654765 ,   3864.1248374654765
2025-07-29, ethereum   ,   3786.303845995956  ,   3786.303845995956  ,   3786.303845995956  ,   3786.303845995956
2025-07-30, ethereum   ,   3788.5983716058226 ,   3788.5983716058226 ,   3788.5983716058226 ,   3788.5983716058226
2025-07-31, ethereum   ,   3807.4166010824188 ,   3807.4166010824188 ,   3807.4166010824188 ,   3807.4166010824188
2025-08-01, ethereum   ,   3696.6628530851194 ,   3696.6628530851194 ,   3696.6628530851194 ,   3696.6628530851194
2025-08-02, ethereum   ,   3483.1789551579504 ,   3483.1789551579504 ,   3483.1789551579504 ,   3483.1789551579504
2025-08-03, ethereum   ,   3397.4855484143177 ,   3397.4855484143177 ,   3397.4855484143177 ,   3397.4855484143177
2025-08-04, ethereum   ,   3497.573127822404  ,   3497.573127822404  ,   3497.573127822404  ,   3497.573127822404
2025-08-05, ethereum   ,   3715.7090148550706 ,   3715.7090148550706 ,   3715.7090148550706 ,   3715.7090148550706
2025-08-06, ethereum   ,   3612.442432236669  ,   3612.442432236669  ,   3612.442432236669  ,   3612.442432236669
2025-08-07, ethereum   ,   3684.0459195726726 ,   3684.0459195726726 ,   3684.0459195726726 ,   3684.0459195726726
2025-08-08, ethereum   ,   3911.2609462690816 ,   3911.2609462690816 ,   3911.2609462690816 ,   3911.2609462690816
2025-08-09, ethereum   ,   4012.97697001236   ,   4012.97697001236   ,   4012.97697001236   ,   4012.97697001236
2025-08-10, ethereum   ,   4265.563258333516  ,   4265.563258333516  ,   4265.563258333516  ,   4265.563258333516
2025-08-11, ethereum   ,   4253.591618951185  ,   4253.591618951185  ,   4253.591618951185  ,   4253.591618951185
2025-08-12, ethereum   ,   4228.824213261163  ,   4228.824213261163  ,   4228.824213261163  ,   4228.824213261163
2025-08-13, ethereum   ,   4606.809427709522  ,   4606.809427709522  ,   4606.809427709522  ,   4606.809427709522
2025-08-14, ethereum   ,   4763.652535322159  ,   4763.652535322159  ,   4763.652535322159  ,   4763.652535322159
2025-08-15, ethereum   ,   4554.291501538621  ,   4554.291501538621  ,   4554.291501538621  ,   4554.291501538621
2025-08-16, ethereum   ,   4430.532465017841  ,   4430.532465017841  ,   4430.532465017841  ,   4430.532465017841
2025-08-17, ethereum   ,   4426.826913311333  ,   4426.826913311333  ,   4426.826913311333  ,   4426.826913311333
2025-08-18, ethereum   ,   4487.118013759226  ,   4487.118013759226  ,   4487.118013759226  ,   4487.118013759226
2025-08-19, ethereum   ,   4317.2757573282315 ,   4317.2757573282315 ,   4317.2757573282315 ,   4317.2757573282315
2025-08-20, ethereum   ,   4074.495786100515  ,   4074.495786100515  ,   4074.495786100515  ,   4074.495786100515
2025-08-21, ethereum   ,   4330.491598768078  ,   4330.491598768078  ,   4330.491598768078  ,   4330.491598768078
2025-08-22, ethereum   ,   4224.438592580698  ,   4224.438592580698  ,   4224.438592580698  ,   4224.438592580698
2025-08-23, ethereum   ,   4829.225541798332  ,   4829.225541798332  ,   4829.225541798332  ,   4829.225541798332
2025-08-24, ethereum   ,   4773.884088598777  ,   4773.884088598777  ,   4773.884088598777  ,   4773.884088598777
2025-08-25, ethereum   ,   4778.10916071381   ,   4778.10916071381   ,   4778.10916071381   ,   4778.10916071381
2025-08-26, ethereum   ,   4381.626176071471  ,   4381.626176071471  ,   4381.626176071471  ,   4381.626176071471
2025-08-27, ethereum   ,   4602.369685333965  ,   4602.369685333965  ,   4602.369685333965  ,   4602.369685333965
2025-08-28, ethereum   ,   4500.1451479982325 ,   4500.1451479982325 ,   4500.1451479982325 ,   4500.1451479982325
2025-08-29, ethereum   ,   4507.560431032719  ,   4507.560431032719  ,   4507.560431032719  ,   4507.560431032719
2025-08-30, ethereum   ,   4364.358521430426  ,   4364.358521430426  ,   4364.358521430426  ,   4364.358521430426
2025-08-31, ethereum   ,   4373.360357620914  ,   4373.360357620914  ,   4373.360357620914  ,   4373.360357620914
2025-09-01, ethereum   ,   4388.931464519364  ,   4388.931464519364  ,   4388.931464519364  ,   4388.931464519364
2025-09-02, ethereum   ,   4303.202222745541  ,   4303.202222745541  ,   4303.202222745541  ,   4303.202222745541
2025-09-03, ethereum   ,   4325.856306225941  ,   4325.856306225941  ,   4325.856306225941  ,   4325.856306225941
2025-09-04, ethereum   ,   4449.8670977283255 ,   4449.8670977283255 ,   4449.8670977283255 ,   4449.8670977283255
2025-09-05, ethereum   ,   4298.094660544595  ,   4298.094660544595  ,   4298.094660544595  ,   4298.094660544595
2025-09-06, ethereum   ,   4306.613513100346  ,   4306.613513100346  ,   4306.613513100346  ,   4306.613513100346
2025-09-07, ethereum   ,   4273.110024157841  ,   4273.110024157841  ,   4273.110024157841  ,   4273.110024157841
2025-09-08, ethereum   ,   4304.032421076036  ,   4304.032421076036  ,   4304.032421076036  ,   4304.032421076036
2025-09-09, ethereum   ,   4309.685702772004  ,   4309.685702772004  ,   4309.685702772004  ,   4309.685702772004
2025-09-10, ethereum   ,   4309.342746120013  ,   4309.342746120013  ,   4309.342746120013  ,   4309.342746120013
2025-09-11, ethereum   ,   4347.476803670656  ,   4347.476803670656  ,   4347.476803670656  ,   4347.476803670656
2025-09-12, ethereum   ,   4459.31901599882   ,   4459.31901599882   ,   4459.31901599882   ,   4459.31901599882
2025-09-13, ethereum   ,   4708.841744149995  ,   4708.841744149995  ,   4708.841744149995  ,   4708.841744149995
2025-09-14, ethereum   ,   4667.699652630318  ,   4667.699652630318  ,   4667.699652630318  ,   4667.699652630318
2025-09-15, ethereum   ,   4609.786110950785  ,   4609.786110950785  ,   4609.786110950785  ,   4609.786110950785
2025-09-16, ethereum   ,   4524.244939102515  ,   4524.244939102515  ,   4524.244939102515  ,   4524.244939102515
2025-09-17, ethereum   ,   4504.266635522813  ,   4504.266635522813  ,   4504.266635522813  ,   4504.266635522813
2025-09-18, ethereum   ,   4591.768794331328  ,   4591.768794331328  ,   4591.768794331328  ,   4591.768794331328
2025-09-19, ethereum   ,   4590.6367372135155 ,   4590.6367372135155 ,   4590.6367372135155 ,   4590.6367372135155
2025-09-20, ethereum   ,   4470.479474009387  ,   4470.479474009387  ,   4470.479474009387  ,   4470.479474009387
2025-09-21, ethereum   ,   4481.799472368209  ,   4481.799472368209  ,   4481.799472368209  ,   4481.799472368209
2025-09-22, ethereum   ,   4452.87113037789   ,   4452.87113037789   ,   4452.87113037789   ,   4452.87113037789
2025-09-23, ethereum   ,   4199.951774017639  ,   4199.951774017639  ,   4199.951774017639  ,   4199.951774017639
2025-09-24, ethereum   ,   4166.1905498775295 ,   4166.1905498775295 ,   4166.1905498775295 ,   4166.1905498775295
2025-09-25, ethereum   ,   4148.65682762035   ,   4148.65682762035   ,   4148.65682762035   ,   4148.65682762035
2025-09-26, ethereum   ,   3863.0632875907245 ,   3863.0632875907245 ,   3863.0632875907245 ,   3863.0632875907245
2025-09-27, ethereum   ,   4037.0979210260916 ,   4037.0979210260916 ,   4037.0979210260916 ,   4037.0979210260916
2025-09-28, ethereum   ,   4018.167453105732  ,   4018.167453105732  ,   4018.167453105732  ,   4018.167453105732
2025-09-29, ethereum   ,   4141.839664086501  ,   4141.839664086501  ,   4141.839664086501  ,   4141.839664086501
2025-09-30, ethereum   ,   4215.61278947927   ,   4215.61278947927   ,   4215.61278947927   ,   4215.61278947927
2025-10-01, ethereum   ,   4144.230463371581  ,   4144.230463371581  ,   4144.230463371581  ,   4144.230463371581
2025-10-02, ethereum   ,   4343.951983440489  ,   4343.951983440489  ,   4343.951983440489  ,   4343.951983440489
2025-10-03, ethereum   ,   4484.006245909478  ,   4484.006245909478  ,   4484.006245909478  ,   4484.006245909478
2025-10-04, ethereum   ,   4515.759068159723  ,   4515.759068159723  ,   4515.759068159723  ,   4515.759068159723
2025-10-05, ethereum   ,   4487.706651673285  ,   4487.706651673285  ,   4487.706651673285  ,   4487.706651673285
2025-10-06, ethereum   ,   4515.321391965295  ,   4515.321391965295  ,   4515.321391965295  ,   4515.321391965295
2025-10-07, ethereum   ,   4689.131734746596  ,   4689.131734746596  ,   4689.131734746596  ,   4689.131734746596
2025-10-08, ethereum   ,   4454.32846286666   ,   4454.32846286666   ,   4454.32846286666   ,   4454.32846286666
2025-10-09, ethereum   ,   4527.578004547945  ,   4527.578004547945  ,   4527.578004547945  ,   4527.578004547945
2025-10-10, ethereum   ,   4368.649439385323  ,   4368.649439385323  ,   4368.649439385323  ,   4368.649439385323
2025-10-11, ethereum   ,   3835.632842050135  ,   3835.632842050135  ,   3835.632842050135  ,   3835.632842050135
2025-10-12, ethereum   ,   3749.218185954949  ,   3749.218185954949  ,   3749.218185954949  ,   3749.218185954949
2025-10-13, ethereum   ,   4159.729307791921  ,   4159.729307791921  ,   4159.729307791921  ,   4159.729307791921
2025-10-14, ethereum   ,   4246.217461554773  ,   4246.217461554773  ,   4246.217461554773  ,   4246.217461554773
2025-10-15, ethereum   ,   4128.888447033946  ,   4128.888447033946  ,   4128.888447033946  ,   4128.888447033946
2025-10-16, ethereum   ,   3983.1544356894233 ,   3983.1544356894233 ,   3983.1544356894233 ,   3983.1544356894233
2025-10-17, ethereum   ,   3890.1993012479857 ,   3890.1993012479857 ,   3890.1993012479857 ,   3890.1993012479857
2025-10-18, ethereum   ,   3831.244175835675  ,   3831.244175835675  ,   3831.244175835675  ,   3831.244175835675
2025-10-19, ethereum   ,   3889.4990302043157 ,   3889.4990302043157 ,   3889.4990302043157 ,   3889.4990302043157
2025-10-20, ethereum   ,   3985.0765644046796 ,   3985.0765644046796 ,   3985.0765644046796 ,   3985.0765644046796
2025-10-21, ethereum   ,   3978.7901551344357 ,   3978.7901551344357 ,   3978.7901551344357 ,   3978.7901551344357
2025-10-22, ethereum   ,   3877.4871979550117 ,   3877.4871979550117 ,   3877.4871979550117 ,   3877.4871979550117
2025-10-23, ethereum   ,   3801.7907952382916 ,   3801.7907952382916 ,   3801.7907952382916 ,   3801.7907952382916
2025-10-24, ethereum   ,   3855.8421162401205 ,   3855.8421162401205 ,   3855.8421162401205 ,   3855.8421162401205
2025-10-25, ethereum   ,   3933.232269901015  ,   3933.232269901015  ,   3933.232269901015  ,   3933.232269901015
2025-10-26, ethereum   ,   3952.213557935584  ,   3952.213557935584  ,   3952.213557935584  ,   3952.213557935584
2025-10-27, ethereum   ,   4161.590896249249  ,   4161.590896249249  ,   4161.590896249249  ,   4161.590896249249
2025-10-28, ethereum   ,   4123.206220671679  ,   4123.206220671679  ,   4123.206220671679  ,   4123.206220671679
2025-10-29, ethereum   ,   3982.3127893175442 ,   3982.3127893175442 ,   3982.3127893175442 ,   3982.3127893175442
2025-10-30, ethereum   ,   3897.359267616961  ,   3897.359267616961  ,   3897.359267616961  ,   3897.359267616961
2025-10-31, ethereum   ,   3802.2953645331804 ,   3802.2953645331804 ,   3802.2953645331804 ,   3802.2953645331804
2025-11-01, ethereum   ,   3847.298177365196  ,   3847.298177365196  ,   3847.298177365196  ,   3847.298177365196
2025-11-02, ethereum   ,   3872.2118961957594 ,   3872.2118961957594 ,   3872.2118961957594 ,   3872.2118961957594
2025-11-03, ethereum   ,   3910.0947691627284 ,   3910.0947691627284 ,   3910.0947691627284 ,   3910.0947691627284
2025-11-04, ethereum   ,   3600.71550248779   ,   3600.71550248779   ,   3600.71550248779   ,   3600.71550248779
2025-11-05, ethereum   ,   3296.7437604313104 ,   3296.7437604313104 ,   3296.7437604313104 ,   3296.7437604313104
2025-11-06, ethereum   ,   3427.6905913706814 ,   3427.6905913706814 ,   3427.6905913706814 ,   3427.6905913706814
2025-11-07, ethereum   ,   3308.918164921951  ,   3308.918164921951  ,   3308.918164921951  ,   3308.918164921951
2025-11-08, ethereum   ,   3434.3512285299594 ,   3434.3512285299594 ,   3434.3512285299594 ,   3434.3512285299594
2025-11-09, ethereum   ,   3401.4594003397083 ,   3401.4594003397083 ,   3401.4594003397083 ,   3401.4594003397083
2025-11-10, ethereum   ,   3576.2547046627064 ,   3576.2547046627064 ,   3576.2547046627064 ,   3576.2547046627064
2025-11-11, ethereum   ,   3564.6105957999334 ,   3564.6105957999334 ,   3564.6105957999334 ,   3564.6105957999334
2025-11-12, ethereum   ,   3416.781328259322  ,   3416.781328259322  ,   3416.781328259322  ,   3416.781328259322
2025-11-13, ethereum   ,   3409.6144555411624 ,   3409.6144555411624 ,   3409.6144555411624 ,   3409.6144555411624
2025-11-14, ethereum   ,   3235.7276362968546 ,   3235.7276362968546 ,   3235.7276362968546 ,   3235.7276362968546
2025-11-15, ethereum   ,   3106.601287865052  ,   3106.601287865052  ,   3106.601287865052  ,   3106.601287865052
2025-11-16, ethereum   ,   3170.1129807404664 ,   3170.1129807404664 ,   3170.1129807404664 ,   3170.1129807404664
2025-11-17, ethereum   ,   3101.686799467     ,   3101.686799467     ,   3101.686799467     ,   3101.686799467
2025-11-18, ethereum   ,   3021.3021576301335 ,   3021.3021576301335 ,   3021.3021576301335 ,   3021.3021576301335
2025-11-19, ethereum   ,   3117.2225871583155 ,   3117.2225871583155 ,   3117.2225871583155 ,   3117.2225871583155
2025-11-20, ethereum   ,   3017.7483614097955 ,   3017.7483614097955 ,   3017.7483614097955 ,   3017.7483614097955
2025-11-21, ethereum   ,   2832.068358334293  ,   2832.068358334293  ,   2832.068358334293  ,   2832.068358334293
2025-11-22, ethereum   ,   2764.735218675169  ,   2764.735218675169  ,   2764.735218675169  ,   2764.735218675169
2025-11-23, ethereum   ,   2768.6178294996353 ,   2768.6178294996353 ,   2768.6178294996353 ,   2768.6178294996353
2025-11-24, ethereum   ,   2799.8149340924633 ,   2799.8149340924633 ,   2799.8149340924633 ,   2799.8149340924633
2025-11-25, ethereum   ,   2953.327645752226  ,   2953.327645752226  ,   2953.327645752226  ,   2953.327645752226
2025-11-26, ethereum   ,   2955.046469321271  ,   2955.046469321271  ,   2955.046469321271  ,   2955.046469321271
2025-11-27, ethereum   ,   3027.477249132549  ,   3027.477249132549  ,   3027.477249132549  ,   3027.477249132549
2025-11-28, ethereum   ,   3015.6118196920934 ,   3015.6118196920934 ,   3015.6118196920934 ,   3015.6118196920934
2025-11-29, ethereum   ,   3033.135645414151  ,   3033.135645414151  ,   3033.135645414151  ,   3033.135645414151
2025-11-30, ethereum   ,   2991.2330117032593 ,   2991.2330117032593 ,   2991.2330117032593 ,   2991.2330117032593
2025-12-01, ethereum   ,   2992.8341859495977 ,   2992.8341859495977 ,   2992.8341859495977 ,   2992.8341859495977
2025-12-02, ethereum   ,   2799.0367919901605 ,   2799.0367919901605 ,   2799.0367919901605 ,   2799.0367919901605
2025-12-03, ethereum   ,   2995.751149322771  ,   2995.751149322771  ,   2995.751149322771  ,   2995.751149322771
2025-12-04, ethereum   ,   3195.4089919085554 ,   3195.4089919085554 ,   3195.4089919085554 ,   3195.4089919085554
2025-12-05, ethereum   ,   3133.698235618616  ,   3133.698235618616  ,   3133.698235618616  ,   3133.698235618616
2025-12-06, ethereum   ,   3022.6564205232035 ,   3022.6564205232035 ,   3022.6564205232035 ,   3022.6564205232035
2025-12-07, ethereum   ,   3039.358573133242  ,   3039.358573133242  ,   3039.358573133242  ,   3039.358573133242
2025-12-08, ethereum   ,   3052.976330436545  ,   3052.976330436545  ,   3052.976330436545  ,   3052.976330436545
2025-12-09, ethereum   ,   3125.321462183988  ,   3125.321462183988  ,   3125.321462183988  ,   3125.321462183988
2025-12-10, ethereum   ,   3322.469217836626  ,   3322.469217836626  ,   3322.469217836626  ,   3322.469217836626
2025-12-11, ethereum   ,   3326.260211637518  ,   3326.260211637518  ,   3326.260211637518  ,   3326.260211637518
2025-12-12, ethereum   ,   3236.0986208578574 ,   3236.0986208578574 ,   3236.0986208578574 ,   3236.0986208578574
2025-12-13, ethereum   ,   3085.316694358101  ,   3085.316694358101  ,   3085.316694358101  ,   3085.316694358101
2025-12-14, ethereum   ,   3115.225428835284  ,   3115.225428835284  ,   3115.225428835284  ,   3115.225428835284
2025-12-15, ethereum   ,   3065.4912355563642 ,   3065.4912355563642 ,   3065.4912355563642 ,   3065.4912355563642
2025-12-16, ethereum   ,   2964.488557692104  ,   2964.488557692104  ,   2964.488557692104  ,   2964.488557692104
2025-12-17, ethereum   ,   2964.2627915054686 ,   2964.2627915054686 ,   2964.2627915054686 ,   2964.2627915054686
2025-12-18, ethereum   ,   2827.8041755024283 ,   2827.8041755024283 ,   2827.8041755024283 ,   2827.8041755024283
2025-12-19, ethereum   ,   2826.5948465107654 ,   2826.5948465107654 ,   2826.5948465107654 ,   2826.5948465107654
2025-12-20, ethereum   ,   2976.796869557769  ,   2976.796869557769  ,   2976.796869557769  ,   2976.796869557769
2025-12-21, ethereum   ,   2977.162263207443  ,   2977.162263207443  ,   2977.162263207443  ,   2977.162263207443
2025-12-22, ethereum   ,   3001.6008377810244 ,   3001.6008377810244 ,   3001.6008377810244 ,   3001.6008377810244
2025-12-23, ethereum   ,   3005.786780691547  ,   3005.786780691547  ,   3005.786780691547  ,   3005.786780691547
2025-12-24, ethereum   ,   2965.193660040505  ,   2965.193660040505  ,   2965.193660040505  ,   2965.193660040505
2025-12-25, ethereum   ,   2945.9878145019857 ,   2945.9878145019857 ,   2945.9878145019857 ,   2945.9878145019857
2025-12-26, ethereum   ,   2904.252344599994  ,   2904.252344599994  ,   2904.252344599994  ,   2904.252344599994
2025-12-27, ethereum   ,   2926.695639112761  ,   2926.695639112761  ,   2926.695639112761  ,   2926.695639112761
2025-12-28, ethereum   ,   2948.8621262576116 ,   2948.8621262576116 ,   2948.8621262576116 ,   2948.8621262576116
2025-12-29, ethereum   ,   2947.8597605720547 ,   2947.8597605720547 ,   2947.8597605720547 ,   2947.8597605720547
2025-12-30, ethereum   ,   2934.215601758931  ,   2934.215601758931  ,   2934.215601758931  ,   2934.215601758931
2025-12-31, ethereum   ,   2970.055474481003  ,   2970.055474481003  ,   2970.055474481003  ,   2970.055474481003
2026-01-01, ethereum   ,   2966.7741798134107 ,   2966.7741798134107 ,   2966.7741798134107 ,   2966.7741798134107
2026-01-02, ethereum   ,   3000.4191168879165 ,   3000.4191168879165 ,   3000.4191168879165 ,   3000.4191168879165
2026-01-03, ethereum   ,   3121.9006724537576 ,   3121.9006724537576 ,   3121.9006724537576 ,   3121.9006724537576
2026-01-04, ethereum   ,   3126.041091396286  ,   3126.041091396286  ,   3126.041091396286  ,   3126.041091396286
2026-01-05, ethereum   ,   3139.057041912684  ,   3139.057041912684  ,   3139.057041912684  ,   3139.057041912684
2026-01-06, ethereum   ,   3228.2962247842056 ,   3228.2962247842056 ,   3228.2962247842056 ,   3228.2962247842056
2026-01-07, ethereum   ,   3295.101927879638  ,   3295.101927879638  ,   3295.101927879638  ,   3295.101927879638
2026-01-08, ethereum   ,   3164.794750249208  ,   3164.794750249208  ,   3164.794750249208  ,   3164.794750249208
2026-01-09, ethereum   ,   3104.220322474917  ,   3104.220322474917  ,   3104.220322474917  ,   3104.220322474917
2026-01-10, ethereum   ,   3083.1361173724354 ,   3083.1361173724354 ,   3083.1361173724354 ,   3083.1361173724354
2026-01-11, ethereum   ,   3082.9653288303607 ,   3082.9653288303607 ,   3082.9653288303607 ,   3082.9653288303607
2026-01-12, ethereum   ,   3119.3619360372772 ,   3119.3619360372772 ,   3119.3619360372772 ,   3119.3619360372772
2026-01-13, ethereum   ,   3090.2827206647894 ,   3090.2827206647894 ,   3090.2827206647894 ,   3090.2827206647894
2026-01-14, ethereum   ,   3319.9354070565078 ,   3319.9354070565078 ,   3319.9354070565078 ,   3319.9354070565078
2026-01-15, ethereum   ,   3356.4964063628336 ,   3356.4964063628336 ,   3356.4964063628336 ,   3356.4964063628336
2026-01-16, ethereum   ,   3318.2037023491666 ,   3318.2037023491666 ,   3318.2037023491666 ,   3318.2037023491666
2026-01-17, ethereum   ,   3296.062650076136  ,   3296.062650076136  ,   3296.062650076136  ,   3296.062650076136
2026-01-18, ethereum   ,   3306.8712226908783 ,   3306.8712226908783 ,   3306.8712226908783 ,   3306.8712226908783
2026-01-19, ethereum   ,   3284.3194316465483 ,   3284.3194316465483 ,   3284.3194316465483 ,   3284.3194316465483
2026-01-20, ethereum   ,   3185.6644636922747 ,   3185.6644636922747 ,   3185.6644636922747 ,   3185.6644636922747
2026-01-21, ethereum   ,   2935.6234193160412 ,   2935.6234193160412 ,   2935.6234193160412 ,   2935.6234193160412
2026-01-22, ethereum   ,   2976.0491465641335 ,   2976.0491465641335 ,   2976.0491465641335 ,   2976.0491465641335
2026-01-23, ethereum   ,   2948.277889615024  ,   2948.277889615024  ,   2948.277889615024  ,   2948.277889615024
2026-01-24, ethereum   ,   2950.9128485703054 ,   2950.9128485703054 ,   2950.9128485703054 ,   2950.9128485703054
2026-01-25, ethereum   ,   2949.197384616335  ,   2949.197384616335  ,   2949.197384616335  ,   2949.197384616335
2026-01-26, ethereum   ,   2814.1853835458546 ,   2814.1853835458546 ,   2814.1853835458546 ,   2814.1853835458546
2026-01-27, ethereum   ,   2927.836546921288  ,   2927.836546921288  ,   2927.836546921288  ,   2927.836546921288
2026-01-28, ethereum   ,   3021.091516998928  ,   3021.091516998928  ,   3021.091516998928  ,   3021.091516998928
2026-01-29, ethereum   ,   3006.8071129555346 ,   3006.8071129555346 ,   3006.8071129555346 ,   3006.8071129555346
2026-01-30, ethereum   ,   2818.817890220326  ,   2818.817890220326  ,   2818.817890220326  ,   2818.817890220326
2026-01-31, ethereum   ,   2702.40799526457   ,   2702.40799526457   ,   2702.40799526457   ,   2702.40799526457
2026-02-01, ethereum   ,   2443.9290245632774 ,   2443.9290245632774 ,   2443.9290245632774 ,   2443.9290245632774
2026-02-02, ethereum   ,   2269.3288518651166 ,   2269.3288518651166 ,   2269.3288518651166 ,   2269.3288518651166
2026-02-03, ethereum   ,   2344.512261445349  ,   2344.512261445349  ,   2344.512261445349  ,   2344.512261445349
2026-02-04, ethereum   ,   2226.985635575225  ,   2226.985635575225  ,   2226.985635575225  ,   2226.985635575225
2026-02-05, ethereum   ,   2152.0870116729375 ,   2152.0870116729375 ,   2152.0870116729375 ,   2152.0870116729375
2026-02-06, ethereum   ,   1820.5693215574129 ,   1820.5693215574129 ,   1820.5693215574129 ,   1820.5693215574129
2026-02-07, ethereum   ,   2060.7349645674162 ,   2060.7349645674162 ,   2060.7349645674162 ,   2060.7349645674162
2026-02-08, ethereum   ,   2091.040353689534  ,   2091.040353689534  ,   2091.040353689534  ,   2091.040353689534
2026-02-09, ethereum   ,   2095.1305644770564 ,   2095.1305644770564 ,   2095.1305644770564 ,   2095.1305644770564
2026-02-10, ethereum   ,   2104.4577921908335 ,   2104.4577921908335 ,   2012.4199554052248 ,   2012.4199554052248
2025-07-26, solana     ,    186.17182549934944,    186.17182549934944,    186.17182549934944,    186.17182549934944
2025-07-27, solana     ,    184.9395837508933 ,    184.9395837508933 ,    184.9395837508933 ,    184.9395837508933
2025-07-28, solana     ,    188.5758287219798 ,    188.5758287219798 ,    188.5758287219798 ,    188.5758287219798
2025-07-29, solana     ,    183.03025266261037,    183.03025266261037,    183.03025266261037,    183.03025266261037
2025-07-30, solana     ,    181.16776459533068,    181.16776459533068,    181.16776459533068,    181.16776459533068
2025-07-31, solana     ,    177.8780960276323 ,    177.8780960276323 ,    177.8780960276323 ,    177.8780960276323
2025-08-01, solana     ,    172.1630467364299 ,    172.1630467364299 ,    172.1630467364299 ,    172.1630467364299
2025-08-02, solana     ,    162.79127248081605,    162.79127248081605,    162.79127248081605,    162.79127248081605
2025-08-03, solana     ,    158.53125175932496,    158.53125175932496,    158.53125175932496,    158.53125175932496
2025-08-04, solana     ,    161.90312387611363,    161.90312387611363,    161.90312387611363,    161.90312387611363
2025-08-05, solana     ,    169.41522028427192,    169.41522028427192,    169.41522028427192,    169.41522028427192
2025-08-06, solana     ,    164.08356857308905,    164.08356857308905,    164.08356857308905,    164.08356857308905
2025-08-07, solana     ,    168.1731958529984 ,    168.1731958529984 ,    168.1731958529984 ,    168.1731958529984
2025-08-08, solana     ,    175.3851480311338 ,    175.3851480311338 ,    175.3851480311338 ,    175.3851480311338
2025-08-09, solana     ,    176.79535226118225,    176.79535226118225,    176.79535226118225,    176.79535226118225
2025-08-10, solana     ,    180.38638312645054,    180.38638312645054,    180.38638312645054,    180.38638312645054
2025-08-11, solana     ,    182.9089507475702 ,    182.9089507475702 ,    182.9089507475702 ,    182.9089507475702
2025-08-12, solana     ,    175.04512640796176,    175.04512640796176,    175.04512640796176,    175.04512640796176
2025-08-13, solana     ,    192.59412792428108,    192.59412792428108,    192.59412792428108,    192.59412792428108
2025-08-14, solana     ,    201.8186877395025 ,    201.8186877395025 ,    201.8186877395025 ,    201.8186877395025
2025-08-15, solana     ,    192.75680405400084,    192.75680405400084,    192.75680405400084,    192.75680405400084
2025-08-16, solana     ,    185.5996951638033 ,    185.5996951638033 ,    185.5996951638033 ,    185.5996951638033
2025-08-17, solana     ,    189.76942306167987,    189.76942306167987,    189.76942306167987,    189.76942306167987
2025-08-18, solana     ,    191.64098987374877,    191.64098987374877,    191.64098987374877,    191.64098987374877
2025-08-19, solana     ,    183.0130381229085 ,    183.0130381229085 ,    183.0130381229085 ,    183.0130381229085
2025-08-20, solana     ,    176.4002245667356 ,    176.4002245667356 ,    176.4002245667356 ,    176.4002245667356
2025-08-21, solana     ,    187.2669439751863 ,    187.2669439751863 ,    187.2669439751863 ,    187.2669439751863
2025-08-22, solana     ,    180.24297051206173,    180.24297051206173,    180.24297051206173,    180.24297051206173
2025-08-23, solana     ,    200.2605865005056 ,    200.2605865005056 ,    200.2605865005056 ,    200.2605865005056
2025-08-24, solana     ,    204.01931609622184,    204.01931609622184,    204.01931609622184,    204.01931609622184
2025-08-25, solana     ,    205.88090746426144,    205.88090746426144,    205.88090746426144,    205.88090746426144
2025-08-26, solana     ,    187.18525315161807,    187.18525315161807,    187.18525315161807,    187.18525315161807
2025-08-27, solana     ,    195.9857969070515 ,    195.9857969070515 ,    195.9857969070515 ,    195.9857969070515
2025-08-28, solana     ,    203.29341765413957,    203.29341765413957,    203.29341765413957,    203.29341765413957
2025-08-29, solana     ,    214.54958917125032,    214.54958917125032,    214.54958917125032,    214.54958917125032
2025-08-30, solana     ,    205.08335316941142,    205.08335316941142,    205.08335316941142,    205.08335316941142
2025-08-31, solana     ,    202.71014197799335,    202.71014197799335,    202.71014197799335,    202.71014197799335
2025-09-01, solana     ,    200.90099462282365,    200.90099462282365,    200.90099462282365,    200.90099462282365
2025-09-02, solana     ,    196.88381950999033,    196.88381950999033,    196.88381950999033,    196.88381950999033
2025-09-03, solana     ,    209.23036715955652,    209.23036715955652,    209.23036715955652,    209.23036715955652
2025-09-04, solana     ,    210.678785187558  ,    210.678785187558  ,    210.678785187558  ,    210.678785187558
2025-09-05, solana     ,    202.68556246131902,    202.68556246131902,    202.68556246131902,    202.68556246131902
2025-09-06, solana     ,    203.47913677981902,    203.47913677981902,    203.47913677981902,    203.47913677981902
2025-09-07, solana     ,    200.18665937035894,    200.18665937035894,    200.18665937035894,    200.18665937035894
2025-09-08, solana     ,    206.51848846856373,    206.51848846856373,    206.51848846856373,    206.51848846856373
2025-09-09, solana     ,    214.08956690665315,    214.08956690665315,    214.08956690665315,    214.08956690665315
2025-09-10, solana     ,    217.38518604767611,    217.38518604767611,    217.38518604767611,    217.38518604767611
2025-09-11, solana     ,    223.9996568751895 ,    223.9996568751895 ,    223.9996568751895 ,    223.9996568751895
2025-09-12, solana     ,    228.6994803098487 ,    228.6994803098487 ,    228.6994803098487 ,    228.6994803098487
2025-09-13, solana     ,    242.25824628845254,    242.25824628845254,    242.25824628845254,    242.25824628845254
2025-09-14, solana     ,    242.6675990847208 ,    242.6675990847208 ,    242.6675990847208 ,    242.6675990847208
2025-09-15, solana     ,    240.51910214123612,    240.51910214123612,    240.51910214123612,    240.51910214123612
2025-09-16, solana     ,    233.8358169548661 ,    233.8358169548661 ,    233.8358169548661 ,    233.8358169548661
2025-09-17, solana     ,    237.00322352946304,    237.00322352946304,    237.00322352946304,    237.00322352946304
2025-09-18, solana     ,    244.94703055919837,    244.94703055919837,    244.94703055919837,    244.94703055919837
2025-09-19, solana     ,    247.55626201820508,    247.55626201820508,    247.55626201820508,    247.55626201820508
2025-09-20, solana     ,    238.33823551145915,    238.33823551145915,    238.33823551145915,    238.33823551145915
2025-09-21, solana     ,    239.46337999355012,    239.46337999355012,    239.46337999355012,    239.46337999355012
2025-09-22, solana     ,    236.64867854250417,    236.64867854250417,    236.64867854250417,    236.64867854250417
2025-09-23, solana     ,    220.33692191838946,    220.33692191838946,    220.33692191838946,    220.33692191838946
2025-09-24, solana     ,    214.17925267896382,    214.17925267896382,    214.17925267896382,    214.17925267896382
2025-09-25, solana     ,    211.59608812684968,    211.59608812684968,    211.59608812684968,    211.59608812684968
2025-09-26, solana     ,    192.18165357078567,    192.18165357078567,    192.18165357078567,    192.18165357078567
2025-09-27, solana     ,    205.1199454921513 ,    205.1199454921513 ,    205.1199454921513 ,    205.1199454921513
2025-09-28, solana     ,    203.5749247337909 ,    203.5749247337909 ,    203.5749247337909 ,    203.5749247337909
2025-09-29, solana     ,    210.7450481378904 ,    210.7450481378904 ,    210.7450481378904 ,    210.7450481378904
2025-09-30, solana     ,    212.92955681530267,    212.92955681530267,    212.92955681530267,    212.92955681530267
2025-10-01, solana     ,    208.6992944881733 ,    208.6992944881733 ,    208.6992944881733 ,    208.6992944881733
2025-10-02, solana     ,    221.2188833389755 ,    221.2188833389755 ,    221.2188833389755 ,    221.2188833389755
2025-10-03, solana     ,    234.61674360916186,    234.61674360916186,    234.61674360916186,    234.61674360916186
2025-10-04, solana     ,    233.06458024680495,    233.06458024680495,    233.06458024680495,    233.06458024680495
2025-10-05, solana     ,    227.93905953905113,    227.93905953905113,    227.93905953905113,    227.93905953905113
2025-10-06, solana     ,    228.5443211026712 ,    228.5443211026712 ,    228.5443211026712 ,    228.5443211026712
2025-10-07, solana     ,    232.5968012360869 ,    232.5968012360869 ,    232.5968012360869 ,    232.5968012360869
2025-10-08, solana     ,    220.92325353514107,    220.92325353514107,    220.92325353514107,    220.92325353514107
2025-10-09, solana     ,    229.06280907281337,    229.06280907281337,    229.06280907281337,    229.06280907281337
2025-10-10, solana     ,    220.8065008190006 ,    220.8065008190006 ,    220.8065008190006 ,    220.8065008190006
2025-10-11, solana     ,    189.8912952568837 ,    189.8912952568837 ,    189.8912952568837 ,    189.8912952568837
2025-10-12, solana     ,    178.3062307703534 ,    178.3062307703534 ,    178.3062307703534 ,    178.3062307703534
2025-10-13, solana     ,    197.03997380287893,    197.03997380287893,    197.03997380287893,    197.03997380287893
2025-10-14, solana     ,    207.92928081408232,    207.92928081408232,    207.92928081408232,    207.92928081408232
2025-10-15, solana     ,    202.77828792883702,    202.77828792883702,    202.77828792883702,    202.77828792883702
2025-10-16, solana     ,    193.96279214560616,    193.96279214560616,    193.96279214560616,    193.96279214560616
2025-10-17, solana     ,    184.57406686923576,    184.57406686923576,    184.57406686923576,    184.57406686923576
2025-10-18, solana     ,    182.07052141400303,    182.07052141400303,    182.07052141400303,    182.07052141400303
2025-10-19, solana     ,    187.55870371602296,    187.55870371602296,    187.55870371602296,    187.55870371602296
2025-10-20, solana     ,    187.62095813065147,    187.62095813065147,    187.62095813065147,    187.62095813065147
2025-10-21, solana     ,    189.83490809801577,    189.83490809801577,    189.83490809801577,    189.83490809801577
2025-10-22, solana     ,    185.78992071057104,    185.78992071057104,    185.78992071057104,    185.78992071057104
2025-10-23, solana     ,    180.02645418265774,    180.02645418265774,    180.02645418265774,    180.02645418265774
2025-10-24, solana     ,    191.42417371185576,    191.42417371185576,    191.42417371185576,    191.42417371185576
2025-10-25, solana     ,    193.47566388653937,    193.47566388653937,    193.47566388653937,    193.47566388653937
2025-10-26, solana     ,    194.011016152678  ,    194.011016152678  ,    194.011016152678  ,    194.011016152678
2025-10-27, solana     ,    200.07095684438153,    200.07095684438153,    200.07095684438153,    200.07095684438153
2025-10-28, solana     ,    198.81130112961708,    198.81130112961708,    198.81130112961708,    198.81130112961708
2025-10-29, solana     ,    194.40531681984675,    194.40531681984675,    194.40531681984675,    194.40531681984675
2025-10-30, solana     ,    194.22060377742542,    194.22060377742542,    194.22060377742542,    194.22060377742542
2025-10-31, solana     ,    184.28637111326051,    184.28637111326051,    184.28637111326051,    184.28637111326051
2025-11-01, solana     ,    187.2627467672827 ,    187.2627467672827 ,    187.2627467672827 ,    187.2627467672827
2025-11-02, solana     ,    186.3556506725306 ,    186.3556506725306 ,    186.3556506725306 ,    186.3556506725306
2025-11-03, solana     ,    187.19632465985816,    187.19632465985816,    187.19632465985816,    187.19632465985816
2025-11-04, solana     ,    165.92718959407298,    165.92718959407298,    165.92718959407298,    165.92718959407298
2025-11-05, solana     ,    155.5134380549323 ,    155.5134380549323 ,    155.5134380549323 ,    155.5134380549323
2025-11-06, solana     ,    162.64616988523213,    162.64616988523213,    162.64616988523213,    162.64616988523213
2025-11-07, solana     ,    154.84889388443324,    154.84889388443324,    154.84889388443324,    154.84889388443324
2025-11-08, solana     ,    161.87760775808556,    161.87760775808556,    161.87760775808556,    161.87760775808556
2025-11-09, solana     ,    158.15618865832252,    158.15618865832252,    158.15618865832252,    158.15618865832252
2025-11-10, solana     ,    164.26842094537048,    164.26842094537048,    164.26842094537048,    164.26842094537048
2025-11-11, solana     ,    167.54840917926455,    167.54840917926455,    167.54840917926455,    167.54840917926455
2025-11-12, solana     ,    154.34628754698477,    154.34628754698477,    154.34628754698477,    154.34628754698477
2025-11-13, solana     ,    153.19515043362588,    153.19515043362588,    153.19515043362588,    153.19515043362588
2025-11-14, solana     ,    145.15580784802805,    145.15580784802805,    145.15580784802805,    145.15580784802805
2025-11-15, solana     ,    139.00276447047776,    139.00276447047776,    139.00276447047776,    139.00276447047776
2025-11-16, solana     ,    139.59145707175173,    139.59145707175173,    139.59145707175173,    139.59145707175173
2025-11-17, solana     ,    137.4975729739525 ,    137.4975729739525 ,    137.4975729739525 ,    137.4975729739525
2025-11-18, solana     ,    130.68858764032888,    130.68858764032888,    130.68858764032888,    130.68858764032888
2025-11-19, solana     ,    140.60155456478054,    140.60155456478054,    140.60155456478054,    140.60155456478054
2025-11-20, solana     ,    136.43470513687834,    136.43470513687834,    136.43470513687834,    136.43470513687834
2025-11-21, solana     ,    133.60337500165332,    133.60337500165332,    133.60337500165332,    133.60337500165332
2025-11-22, solana     ,    128.48401421465474,    128.48401421465474,    128.48401421465474,    128.48401421465474
2025-11-23, solana     ,    127.62806806856854,    127.62806806856854,    127.62806806856854,    127.62806806856854
2025-11-24, solana     ,    130.84897517738048,    130.84897517738048,    130.84897517738048,    130.84897517738048
2025-11-25, solana     ,    138.3677130507636 ,    138.3677130507636 ,    138.3677130507636 ,    138.3677130507636
2025-11-26, solana     ,    139.0062092062614 ,    139.0062092062614 ,    139.0062092062614 ,    139.0062092062614
2025-11-27, solana     ,    142.92252259467037,    142.92252259467037,    142.92252259467037,    142.92252259467037
2025-11-28, solana     ,    140.8298940142595 ,    140.8298940142595 ,    140.8298940142595 ,    140.8298940142595
2025-11-29, solana     ,    137.46833804153275,    137.46833804153275,    137.46833804153275,    137.46833804153275
2025-11-30, solana     ,    136.08875145366935,    136.08875145366935,    136.08875145366935,    136.08875145366935
2025-12-01, solana     ,    134.57716421907872,    134.57716421907872,    134.57716421907872,    134.57716421907872
2025-12-02, solana     ,    126.74719818442522,    126.74719818442522,    126.74719818442522,    126.74719818442522
2025-12-03, solana     ,    138.68381774415911,    138.68381774415911,    138.68381774415911,    138.68381774415911
2025-12-04, solana     ,    145.03241215787318,    145.03241215787318,    145.03241215787318,    145.03241215787318
2025-12-05, solana     ,    139.0035856702843 ,    139.0035856702843 ,    139.0035856702843 ,    139.0035856702843
2025-12-06, solana     ,    133.19940782316152,    133.19940782316152,    133.19940782316152,    133.19940782316152
2025-12-07, solana     ,    132.21332316930986,    132.21332316930986,    132.21332316930986,    132.21332316930986
2025-12-08, solana     ,    131.63667798299971,    131.63667798299971,    131.63667798299971,    131.63667798299971
2025-12-09, solana     ,    133.2876975493966 ,    133.2876975493966 ,    133.2876975493966 ,    133.2876975493966
2025-12-10, solana     ,    138.01268988378362,    138.01268988378362,    138.01268988378362,    138.01268988378362
2025-12-11, solana     ,    136.51252974936924,    136.51252974936924,    136.51252974936924,    136.51252974936924
2025-12-12, solana     ,    136.44042727909604,    136.44042727909604,    136.44042727909604,    136.44042727909604
2025-12-13, solana     ,    132.4674041542392 ,    132.4674041542392 ,    132.4674041542392 ,    132.4674041542392
2025-12-14, solana     ,    133.22106900469535,    133.22106900469535,    133.22106900469535,    133.22106900469535
2025-12-15, solana     ,    129.57660231376835,    129.57660231376835,    129.57660231376835,    129.57660231376835
2025-12-16, solana     ,    127.70162570713056,    127.70162570713056,    127.70162570713056,    127.70162570713056
2025-12-17, solana     ,    128.8095625908113 ,    128.8095625908113 ,    128.8095625908113 ,    128.8095625908113
2025-12-18, solana     ,    123.08121963590442,    123.08121963590442,    123.08121963590442,    123.08121963590442
2025-12-19, solana     ,    119.47102833526988,    119.47102833526988,    119.47102833526988,    119.47102833526988
2025-12-20, solana     ,    126.1879023223493 ,    126.1879023223493 ,    126.1879023223493 ,    126.1879023223493
2025-12-21, solana     ,    125.78919713672443,    125.78919713672443,    125.78919713672443,    125.78919713672443
2025-12-22, solana     ,    126.01866473018241,    126.01866473018241,    126.01866473018241,    126.01866473018241
2025-12-23, solana     ,    125.76066206540068,    125.76066206540068,    125.76066206540068,    125.76066206540068
2025-12-24, solana     ,    123.9193038826096 ,    123.9193038826096 ,    123.9193038826096 ,    123.9193038826096
2025-12-25, solana     ,    122.56774375278773,    122.56774375278773,    122.56774375278773,    122.56774375278773
2025-12-26, solana     ,    120.09013792486492,    120.09013792486492,    120.09013792486492,    120.09013792486492
2025-12-27, solana     ,    122.18760348085107,    122.18760348085107,    122.18760348085107,    122.18760348085107
2025-12-28, solana     ,    124.63847125670826,    124.63847125670826,    124.63847125670826,    124.63847125670826
2025-12-29, solana     ,    125.19116108131975,    125.19116108131975,    125.19116108131975,    125.19116108131975
2025-12-30, solana     ,    123.09934938681572,    123.09934938681572,    123.09934938681572,    123.09934938681572
2025-12-31, solana     ,    124.85607450703749,    124.85607450703749,    124.85607450703749,    124.85607450703749
2026-01-01, solana     ,    124.5164171836461 ,    124.5164171836461 ,    124.5164171836461 ,    124.5164171836461
2026-01-02, solana     ,    126.73481257128296,    126.73481257128296,    126.73481257128296,    126.73481257128296
2026-01-03, solana     ,    132.0483994914527 ,    132.0483994914527 ,    132.0483994914527 ,    132.0483994914527
2026-01-04, solana     ,    133.28816839764232,    133.28816839764232,    133.28816839764232,    133.28816839764232
2026-01-05, solana     ,    133.86037430010327,    133.86037430010327,    133.86037430010327,    133.86037430010327
2026-01-06, solana     ,    138.14624626670062,    138.14624626670062,    138.14624626670062,    138.14624626670062
2026-01-07, solana     ,    141.10228180261717,    141.10228180261717,    141.10228180261717,    141.10228180261717
2026-01-08, solana     ,    136.27267880262593,    136.27267880262593,    136.27267880262593,    136.27267880262593
2026-01-09, solana     ,    138.2946068711558 ,    138.2946068711558 ,    138.2946068711558 ,    138.2946068711558
2026-01-10, solana     ,    135.84243943306166,    135.84243943306166,    135.84243943306166,    135.84243943306166
2026-01-11, solana     ,    135.80170404935623,    135.80170404935623,    135.80170404935623,    135.80170404935623
2026-01-12, solana     ,    139.4276268849873 ,    139.4276268849873 ,    139.4276268849873 ,    139.4276268849873
2026-01-13, solana     ,    139.1103423634471 ,    139.1103423634471 ,    139.1103423634471 ,    139.1103423634471
2026-01-14, solana     ,    145.09717589746134,    145.09717589746134,    145.09717589746134,    145.09717589746134
2026-01-15, solana     ,    146.70846905618052,    146.70846905618052,    146.70846905618052,    146.70846905618052
2026-01-16, solana     ,    142.27295549504774,    142.27295549504774,    142.27295549504774,    142.27295549504774
2026-01-17, solana     ,    144.82360113807155,    144.82360113807155,    144.82360113807155,    144.82360113807155
2026-01-18, solana     ,    143.70920085761944,    143.70920085761944,    143.70920085761944,    143.70920085761944
2026-01-19, solana     ,    138.5946736566872 ,    138.5946736566872 ,    138.5946736566872 ,    138.5946736566872
2026-01-20, solana     ,    133.43360509528503,    133.43360509528503,    133.43360509528503,    133.43360509528503
2026-01-21, solana     ,    125.81062416788743,    125.81062416788743,    125.81062416788743,    125.81062416788743
2026-01-22, solana     ,    129.33791858850012,    129.33791858850012,    129.33791858850012,    129.33791858850012
2026-01-23, solana     ,    128.22398381822603,    128.22398381822603,    128.22398381822603,    128.22398381822603
2026-01-24, solana     ,    127.24900586659474,    127.24900586659474,    127.24900586659474,    127.24900586659474
2026-01-25, solana     ,    127.04951352257324,    127.04951352257324,    127.04951352257324,    127.04951352257324
2026-01-26, solana     ,    118.89050038610903,    118.89050038610903,    118.89050038610903,    118.89050038610903
2026-01-27, solana     ,    124.20384054241987,    124.20384054241987,    124.20384054241987,    124.20384054241987
2026-01-28, solana     ,    127.1523419223292 ,    127.1523419223292 ,    127.1523419223292 ,    127.1523419223292
2026-01-29, solana     ,    125.04471508843886,    125.04471508843886,    125.04471508843886,    125.04471508843886
2026-01-30, solana     ,    117.61753429620335,    117.61753429620335,    117.61753429620335,    117.61753429620335
2026-01-31, solana     ,    117.30168147280109,    117.30168147280109,    117.30168147280109,    117.30168147280109
2026-02-01, solana     ,    105.3546472133961 ,    105.3546472133961 ,    105.3546472133961 ,    105.3546472133961
2026-02-02, solana     ,    100.89974142414994,    100.89974142414994,    100.89974142414994,    100.89974142414994
2026-02-03, solana     ,    104.51783551612739,    104.51783551612739,    104.51783551612739,    104.51783551612739
2026-02-04, solana     ,     97.61983239747126,     97.61983239747126,     97.61983239747126,     97.61983239747126
2026-02-05, solana     ,     92.2922393896508 ,     92.2922393896508 ,     92.2922393896508 ,     92.2922393896508
2026-02-06, solana     ,     78.50039816888382,     78.50039816888382,     78.50039816888382,     78.50039816888382
2026-02-07, solana     ,     87.57576306445752,     87.57576306445752,     87.57576306445752,     87.57576306445752
2026-02-08, solana     ,     87.6724462446035 ,     87.6724462446035 ,     87.6724462446035 ,     87.6724462446035
2026-02-09, solana     ,     87.04941449412165,     87.04941449412165,     87.04941449412165,     87.04941449412165
2026-02-10, solana     ,     86.83640091013909,     86.83640091013909,     84.11263467282328,     84.11263467282328
2025-07-26, binancecoin,    784.7856013546323 ,    784.7856013546323 ,    784.7856013546323 ,    784.7856013546323
2025-07-27, binancecoin,    794.2867236239222 ,    794.2867236239222 ,    794.2867236239222 ,    794.2867236239222
2025-07-28, binancecoin,    843.449638843771  ,    843.449638843771  ,    843.449638843771  ,    843.449638843771
2025-07-29, binancecoin,    822.2765976915088 ,    822.2765976915088 ,    822.2765976915088 ,    822.2765976915088
2025-07-30, binancecoin,    805.1438193193468 ,    805.1438193193468 ,    805.1438193193468 ,    805.1438193193468
2025-07-31, binancecoin,    793.8734614175534 ,    793.8734614175534 ,    793.8734614175534 ,    793.8734614175534
2025-08-01, binancecoin,    783.0023910772859 ,    783.0023910772859 ,    783.0023910772859 ,    783.0023910772859
2025-08-02, binancecoin,    756.4574114847068 ,    756.4574114847068 ,    756.4574114847068 ,    756.4574114847068
2025-08-03, binancecoin,    736.6587769385911 ,    736.6587769385911 ,    736.6587769385911 ,    736.6587769385911
2025-08-04, binancecoin,    751.4001548118117 ,    751.4001548118117 ,    751.4001548118117 ,    751.4001548118117
2025-08-05, binancecoin,    768.5544340737234 ,    768.5544340737234 ,    768.5544340737234 ,    768.5544340737234
2025-08-06, binancecoin,    754.7878000846929 ,    754.7878000846929 ,    754.7878000846929 ,    754.7878000846929
2025-08-07, binancecoin,    769.8555506826906 ,    769.8555506826906 ,    769.8555506826906 ,    769.8555506826906
2025-08-08, binancecoin,    787.1948285374559 ,    787.1948285374559 ,    787.1948285374559 ,    787.1948285374559
2025-08-09, binancecoin,    793.1777287850201 ,    793.1777287850201 ,    793.1777287850201 ,    793.1777287850201
2025-08-10, binancecoin,    799.1991047067497 ,    799.1991047067497 ,    799.1991047067497 ,    799.1991047067497
2025-08-11, binancecoin,    804.8956334719561 ,    804.8956334719561 ,    804.8956334719561 ,    804.8956334719561
2025-08-12, binancecoin,    806.8312185132748 ,    806.8312185132748 ,    806.8312185132748 ,    806.8312185132748
2025-08-13, binancecoin,    834.446637547768  ,    834.446637547768  ,    834.446637547768  ,    834.446637547768
2025-08-14, binancecoin,    849.5528663342336 ,    849.5528663342336 ,    849.5528663342336 ,    849.5528663342336
2025-08-15, binancecoin,    842.2643191559952 ,    842.2643191559952 ,    842.2643191559952 ,    842.2643191559952
2025-08-16, binancecoin,    827.2916811192079 ,    827.2916811192079 ,    827.2916811192079 ,    827.2916811192079
2025-08-17, binancecoin,    839.0566611983465 ,    839.0566611983465 ,    839.0566611983465 ,    839.0566611983465
2025-08-18, binancecoin,    856.9424560582937 ,    856.9424560582937 ,    856.9424560582937 ,    856.9424560582937
2025-08-19, binancecoin,    848.2298792758197 ,    848.2298792758197 ,    848.2298792758197 ,    848.2298792758197
2025-08-20, binancecoin,    823.4566682430556 ,    823.4566682430556 ,    823.4566682430556 ,    823.4566682430556
2025-08-21, binancecoin,    870.0388548973078 ,    870.0388548973078 ,    870.0388548973078 ,    870.0388548973078
2025-08-22, binancecoin,    838.3671602294102 ,    838.3671602294102 ,    838.3671602294102 ,    838.3671602294102
2025-08-23, binancecoin,    899.0447590707095 ,    899.0447590707095 ,    899.0447590707095 ,    899.0447590707095
2025-08-24, binancecoin,    880.2145462822662 ,    880.2145462822662 ,    880.2145462822662 ,    880.2145462822662
2025-08-25, binancecoin,    876.0729413672346 ,    876.0729413672346 ,    876.0729413672346 ,    876.0729413672346
2025-08-26, binancecoin,    840.2868104582814 ,    840.2868104582814 ,    840.2868104582814 ,    840.2868104582814
2025-08-27, binancecoin,    864.1213024474413 ,    864.1213024474413 ,    864.1213024474413 ,    864.1213024474413
2025-08-28, binancecoin,    856.0552312979237 ,    856.0552312979237 ,    856.0552312979237 ,    856.0552312979237
2025-08-29, binancecoin,    874.7487534677291 ,    874.7487534677291 ,    874.7487534677291 ,    874.7487534677291
2025-08-30, binancecoin,    863.6575485254209 ,    863.6575485254209 ,    863.6575485254209 ,    863.6575485254209
2025-08-31, binancecoin,    861.923469050824  ,    861.923469050824  ,    861.923469050824  ,    861.923469050824
2025-09-01, binancecoin,    857.819601972643  ,    857.819601972643  ,    857.819601972643  ,    857.819601972643
2025-09-02, binancecoin,    845.916487927506  ,    845.916487927506  ,    845.916487927506  ,    845.916487927506
2025-09-03, binancecoin,    851.6937445280856 ,    851.6937445280856 ,    851.6937445280856 ,    851.6937445280856
2025-09-04, binancecoin,    855.1110256828161 ,    855.1110256828161 ,    855.1110256828161 ,    855.1110256828161
2025-09-05, binancecoin,    843.6735934362805 ,    843.6735934362805 ,    843.6735934362805 ,    843.6735934362805
2025-09-06, binancecoin,    849.7184902459278 ,    849.7184902459278 ,    849.7184902459278 ,    849.7184902459278
2025-09-07, binancecoin,    861.6639369838142 ,    861.6639369838142 ,    861.6639369838142 ,    861.6639369838142
2025-09-08, binancecoin,    881.3845363246559 ,    881.3845363246559 ,    881.3845363246559 ,    881.3845363246559
2025-09-09, binancecoin,    878.2339242329539 ,    878.2339242329539 ,    878.2339242329539 ,    878.2339242329539
2025-09-10, binancecoin,    879.833817211316  ,    879.833817211316  ,    879.833817211316  ,    879.833817211316
2025-09-11, binancecoin,    893.578793274879  ,    893.578793274879  ,    893.578793274879  ,    893.578793274879
2025-09-12, binancecoin,    902.876846974473  ,    902.876846974473  ,    902.876846974473  ,    902.876846974473
2025-09-13, binancecoin,    925.1660418381477 ,    925.1660418381477 ,    925.1660418381477 ,    925.1660418381477
2025-09-14, binancecoin,    933.8971704994946 ,    933.8971704994946 ,    933.8971704994946 ,    933.8971704994946
2025-09-15, binancecoin,    926.8412817390542 ,    926.8412817390542 ,    926.8412817390542 ,    926.8412817390542
2025-09-16, binancecoin,    919.2250351484705 ,    919.2250351484705 ,    919.2250351484705 ,    919.2250351484705
2025-09-17, binancecoin,    955.3487499241552 ,    955.3487499241552 ,    955.3487499241552 ,    955.3487499241552
2025-09-18, binancecoin,    991.3973181432295 ,    991.3973181432295 ,    991.3973181432295 ,    991.3973181432295
2025-09-19, binancecoin,    982.076570691383  ,    982.076570691383  ,    982.076570691383  ,    982.076570691383
2025-09-20, binancecoin,    982.6879738189483 ,    982.6879738189483 ,    982.6879738189483 ,    982.6879738189483
2025-09-21, binancecoin,   1042.406078066426  ,   1042.406078066426  ,   1042.406078066426  ,   1042.406078066426
2025-09-22, binancecoin,   1048.5649851048527 ,   1048.5649851048527 ,   1048.5649851048527 ,   1048.5649851048527
2025-09-23, binancecoin,    992.3881905006706 ,    992.3881905006706 ,    992.3881905006706 ,    992.3881905006706
2025-09-24, binancecoin,   1017.4645009307637 ,   1017.4645009307637 ,   1017.4645009307637 ,   1017.4645009307637
2025-09-25, binancecoin,   1018.067792712729  ,   1018.067792712729  ,   1018.067792712729  ,   1018.067792712729
2025-09-26, binancecoin,    944.4003758447785 ,    944.4003758447785 ,    944.4003758447785 ,    944.4003758447785
2025-09-27, binancecoin,    960.6805874196078 ,    960.6805874196078 ,    960.6805874196078 ,    960.6805874196078
2025-09-28, binancecoin,    968.6806715896132 ,    968.6806715896132 ,    968.6806715896132 ,    968.6806715896132
2025-09-29, binancecoin,    993.2079048442275 ,    993.2079048442275 ,    993.2079048442275 ,    993.2079048442275
2025-09-30, binancecoin,   1030.030963111487  ,   1030.030963111487  ,   1030.030963111487  ,   1030.030963111487
2025-10-01, binancecoin,   1008.9225311714104 ,   1008.9225311714104 ,   1008.9225311714104 ,   1008.9225311714104
2025-10-02, binancecoin,   1025.8187850123247 ,   1025.8187850123247 ,   1025.8187850123247 ,   1025.8187850123247
2025-10-03, binancecoin,   1090.3115640663682 ,   1090.3115640663682 ,   1090.3115640663682 ,   1090.3115640663682
2025-10-04, binancecoin,   1190.0540938314145 ,   1190.0540938314145 ,   1190.0540938314145 ,   1190.0540938314145
2025-10-05, binancecoin,   1149.536376093483  ,   1149.536376093483  ,   1149.536376093483  ,   1149.536376093483
2025-10-06, binancecoin,   1165.4778023162069 ,   1165.4778023162069 ,   1165.4778023162069 ,   1165.4778023162069
2025-10-07, binancecoin,   1224.574210222444  ,   1224.574210222444  ,   1224.574210222444  ,   1224.574210222444
2025-10-08, binancecoin,   1311.712914691701  ,   1311.712914691701  ,   1311.712914691701  ,   1311.712914691701
2025-10-09, binancecoin,   1306.4812320510532 ,   1306.4812320510532 ,   1306.4812320510532 ,   1306.4812320510532
2025-10-10, binancecoin,   1255.8786646242372 ,   1255.8786646242372 ,   1255.8786646242372 ,   1255.8786646242372
2025-10-11, binancecoin,   1110.8141755974673 ,   1110.8141755974673 ,   1110.8141755974673 ,   1110.8141755974673
2025-10-12, binancecoin,   1138.1246823442061 ,   1138.1246823442061 ,   1138.1246823442061 ,   1138.1246823442061
2025-10-13, binancecoin,   1298.7908005975073 ,   1298.7908005975073 ,   1298.7908005975073 ,   1298.7908005975073
2025-10-14, binancecoin,   1293.0722313476617 ,   1293.0722313476617 ,   1293.0722313476617 ,   1293.0722313476617
2025-10-15, binancecoin,   1212.283351974494  ,   1212.283351974494  ,   1212.283351974494  ,   1212.283351974494
2025-10-16, binancecoin,   1161.734804798178  ,   1161.734804798178  ,   1161.734804798178  ,   1161.734804798178
2025-10-17, binancecoin,   1143.731369922843  ,   1143.731369922843  ,   1143.731369922843  ,   1143.731369922843
2025-10-18, binancecoin,   1071.5486432574182 ,   1071.5486432574182 ,   1071.5486432574182 ,   1071.5486432574182
2025-10-19, binancecoin,   1092.456873698318  ,   1092.456873698318  ,   1092.456873698318  ,   1092.456873698318
2025-10-20, binancecoin,   1109.7463758132928 ,   1109.7463758132928 ,   1109.7463758132928 ,   1109.7463758132928
2025-10-21, binancecoin,   1100.594219041398  ,   1100.594219041398  ,   1100.594219041398  ,   1100.594219041398
2025-10-22, binancecoin,   1057.8502060144851 ,   1057.8502060144851 ,   1057.8502060144851 ,   1057.8502060144851
2025-10-23, binancecoin,   1071.3354220022431 ,   1071.3354220022431 ,   1071.3354220022431 ,   1071.3354220022431
2025-10-24, binancecoin,   1127.358071433892  ,   1127.358071433892  ,   1127.358071433892  ,   1127.358071433892
2025-10-25, binancecoin,   1109.178393744721  ,   1109.178393744721  ,   1109.178393744721  ,   1109.178393744721
2025-10-26, binancecoin,   1116.6415202338756 ,   1116.6415202338756 ,   1116.6415202338756 ,   1116.6415202338756
2025-10-27, binancecoin,   1136.879092448019  ,   1136.879092448019  ,   1136.879092448019  ,   1136.879092448019
2025-10-28, binancecoin,   1140.4846092726004 ,   1140.4846092726004 ,   1140.4846092726004 ,   1140.4846092726004
2025-10-29, binancecoin,   1103.595300080196  ,   1103.595300080196  ,   1103.595300080196  ,   1103.595300080196
2025-10-30, binancecoin,   1106.7871126244677 ,   1106.7871126244677 ,   1106.7871126244677 ,   1106.7871126244677
2025-10-31, binancecoin,   1078.7188521029816 ,   1078.7188521029816 ,   1078.7188521029816 ,   1078.7188521029816
2025-11-01, binancecoin,   1088.7331766998475 ,   1088.7331766998475 ,   1088.7331766998475 ,   1088.7331766998475
2025-11-02, binancecoin,   1094.4541628666802 ,   1094.4541628666802 ,   1094.4541628666802 ,   1094.4541628666802
2025-11-03, binancecoin,   1083.698416513334  ,   1083.698416513334  ,   1083.698416513334  ,   1083.698416513334
2025-11-04, binancecoin,    992.195531851008  ,    992.195531851008  ,    992.195531851008  ,    992.195531851008
2025-11-05, binancecoin,    938.891751599157  ,    938.891751599157  ,    938.891751599157  ,    938.891751599157
2025-11-06, binancecoin,    959.9701458776641 ,    959.9701458776641 ,    959.9701458776641 ,    959.9701458776641
2025-11-07, binancecoin,    948.6793778409456 ,    948.6793778409456 ,    948.6793778409456 ,    948.6793778409456
2025-11-08, binancecoin,    990.5899790534177 ,    990.5899790534177 ,    990.5899790534177 ,    990.5899790534177
2025-11-09, binancecoin,    989.8862403988059 ,    989.8862403988059 ,    989.8862403988059 ,    989.8862403988059
2025-11-10, binancecoin,    996.308790029525  ,    996.308790029525  ,    996.308790029525  ,    996.308790029525
2025-11-11, binancecoin,    991.3653787289568 ,    991.3653787289568 ,    991.3653787289568 ,    991.3653787289568
2025-11-12, binancecoin,    957.149279725558  ,    957.149279725558  ,    957.149279725558  ,    957.149279725558
2025-11-13, binancecoin,    952.9170115918621 ,    952.9170115918621 ,    952.9170115918621 ,    952.9170115918621
2025-11-14, binancecoin,    927.1219876913323 ,    927.1219876913323 ,    927.1219876913323 ,    927.1219876913323
2025-11-15, binancecoin,    917.7022398201406 ,    917.7022398201406 ,    917.7022398201406 ,    917.7022398201406
2025-11-16, binancecoin,    931.9743286141038 ,    931.9743286141038 ,    931.9743286141038 ,    931.9743286141038
2025-11-17, binancecoin,    928.5079796470696 ,    928.5079796470696 ,    928.5079796470696 ,    928.5079796470696
2025-11-18, binancecoin,    906.7197811831101 ,    906.7197811831101 ,    906.7197811831101 ,    906.7197811831101
2025-11-19, binancecoin,    932.0597430569885 ,    932.0597430569885 ,    932.0597430569885 ,    932.0597430569885
2025-11-20, binancecoin,    894.7896141305321 ,    894.7896141305321 ,    894.7896141305321 ,    894.7896141305321
2025-11-21, binancecoin,    866.7212975475668 ,    866.7212975475668 ,    866.7212975475668 ,    866.7212975475668
2025-11-22, binancecoin,    831.1648478578168 ,    831.1648478578168 ,    831.1648478578168 ,    831.1648478578168
2025-11-23, binancecoin,    833.4782529297297 ,    833.4782529297297 ,    833.4782529297297 ,    833.4782529297297
2025-11-24, binancecoin,    843.0327408998495 ,    843.0327408998495 ,    843.0327408998495 ,    843.0327408998495
2025-11-25, binancecoin,    864.3540154398011 ,    864.3540154398011 ,    864.3540154398011 ,    864.3540154398011
2025-11-26, binancecoin,    861.9171451304046 ,    861.9171451304046 ,    861.9171451304046 ,    861.9171451304046
2025-11-27, binancecoin,    891.7232823713881 ,    891.7232823713881 ,    891.7232823713881 ,    891.7232823713881
2025-11-28, binancecoin,    895.3979231885241 ,    895.3979231885241 ,    895.3979231885241 ,    895.3979231885241
2025-11-29, binancecoin,    887.5558493593282 ,    887.5558493593282 ,    887.5558493593282 ,    887.5558493593282
2025-11-30, binancecoin,    873.7626867754427 ,    873.7626867754427 ,    873.7626867754427 ,    873.7626867754427
2025-12-01, binancecoin,    877.7990241108373 ,    877.7990241108373 ,    877.7990241108373 ,    877.7990241108373
2025-12-02, binancecoin,    827.4880333310571 ,    827.4880333310571 ,    827.4880333310571 ,    827.4880333310571
2025-12-03, binancecoin,    876.7469880502844 ,    876.7469880502844 ,    876.7469880502844 ,    876.7469880502844
2025-12-04, binancecoin,    922.3452824680271 ,    922.3452824680271 ,    922.3452824680271 ,    922.3452824680271
2025-12-05, binancecoin,    900.2311130891073 ,    900.2311130891073 ,    900.2311130891073 ,    900.2311130891073
2025-12-06, binancecoin,    883.6707054897142 ,    883.6707054897142 ,    883.6707054897142 ,    883.6707054897142
2025-12-07, binancecoin,    890.2442866831284 ,    890.2442866831284 ,    890.2442866831284 ,    890.2442866831284
2025-12-08, binancecoin,    892.8659344513236 ,    892.8659344513236 ,    892.8659344513236 ,    892.8659344513236
2025-12-09, binancecoin,    897.4003709684328 ,    897.4003709684328 ,    897.4003709684328 ,    897.4003709684328
2025-12-10, binancecoin,    899.4035882994448 ,    899.4035882994448 ,    899.4035882994448 ,    899.4035882994448
2025-12-11, binancecoin,    894.4021116794611 ,    894.4021116794611 ,    894.4021116794611 ,    894.4021116794611
2025-12-12, binancecoin,    885.6320356392306 ,    885.6320356392306 ,    885.6320356392306 ,    885.6320356392306
2025-12-13, binancecoin,    882.1612967807799 ,    882.1612967807799 ,    882.1612967807799 ,    882.1612967807799
2025-12-14, binancecoin,    897.3110444563038 ,    897.3110444563038 ,    897.3110444563038 ,    897.3110444563038
2025-12-15, binancecoin,    878.3885175348196 ,    878.3885175348196 ,    878.3885175348196 ,    878.3885175348196
2025-12-16, binancecoin,    858.4116623377057 ,    858.4116623377057 ,    858.4116623377057 ,    858.4116623377057
2025-12-17, binancecoin,    874.6720838564994 ,    874.6720838564994 ,    874.6720838564994 ,    874.6720838564994
2025-12-18, binancecoin,    842.7888780335543 ,    842.7888780335543 ,    842.7888780335543 ,    842.7888780335543
2025-12-19, binancecoin,    829.1719378700606 ,    829.1719378700606 ,    829.1719378700606 ,    829.1719378700606
2025-12-20, binancecoin,    855.957117266356  ,    855.957117266356  ,    855.957117266356  ,    855.957117266356
2025-12-21, binancecoin,    853.5635263159346 ,    853.5635263159346 ,    853.5635263159346 ,    853.5635263159346
2025-12-22, binancecoin,    857.8618459584029 ,    857.8618459584029 ,    857.8618459584029 ,    857.8618459584029
2025-12-23, binancecoin,    858.018474136862  ,    858.018474136862  ,    858.018474136862  ,    858.018474136862
2025-12-24, binancecoin,    843.9156558740143 ,    843.9156558740143 ,    843.9156558740143 ,    843.9156558740143
2025-12-25, binancecoin,    846.6127954902438 ,    846.6127954902438 ,    846.6127954902438 ,    846.6127954902438
2025-12-26, binancecoin,    828.8695540284072 ,    828.8695540284072 ,    828.8695540284072 ,    828.8695540284072
2025-12-27, binancecoin,    834.3408283262127 ,    834.3408283262127 ,    834.3408283262127 ,    834.3408283262127
2025-12-28, binancecoin,    844.6780493960856 ,    844.6780493960856 ,    844.6780493960856 ,    844.6780493960856
2025-12-29, binancecoin,    858.791572988669  ,    858.791572988669  ,    858.791572988669  ,    858.791572988669
2025-12-30, binancecoin,    851.1900442578194 ,    851.1900442578194 ,    851.1900442578194 ,    851.1900442578194
2025-12-31, binancecoin,    860.3384247437768 ,    860.3384247437768 ,    860.3384247437768 ,    860.3384247437768
2026-01-01, binancecoin,    863.1574666286001 ,    863.1574666286001 ,    863.1574666286001 ,    863.1574666286001
2026-01-02, binancecoin,    862.9202786806326 ,    862.9202786806326 ,    862.9202786806326 ,    862.9202786806326
2026-01-03, binancecoin,    880.5981987516783 ,    880.5981987516783 ,    880.5981987516783 ,    880.5981987516783
2026-01-04, binancecoin,    878.7329288702774 ,    878.7329288702774 ,    878.7329288702774 ,    878.7329288702774
2026-01-05, binancecoin,    894.4508344273104 ,    894.4508344273104 ,    894.4508344273104 ,    894.4508344273104
2026-01-06, binancecoin,    910.9079403595276 ,    910.9079403595276 ,    910.9079403595276 ,    910.9079403595276
2026-01-07, binancecoin,    917.6345878314794 ,    917.6345878314794 ,    917.6345878314794 ,    917.6345878314794
2026-01-08, binancecoin,    899.3115791273906 ,    899.3115791273906 ,    899.3115791273906 ,    899.3115791273906
2026-01-09, binancecoin,    891.5992569838319 ,    891.5992569838319 ,    891.5992569838319 ,    891.5992569838319
2026-01-10, binancecoin,    895.5121731855866 ,    895.5121731855866 ,    895.5121731855866 ,    895.5121731855866
2026-01-11, binancecoin,    906.6887224157771 ,    906.6887224157771 ,    906.6887224157771 ,    906.6887224157771
2026-01-12, binancecoin,    902.7664964152219 ,    902.7664964152219 ,    902.7664964152219 ,    902.7664964152219
2026-01-13, binancecoin,    905.5295124491013 ,    905.5295124491013 ,    905.5295124491013 ,    905.5295124491013
2026-01-14, binancecoin,    942.4122356291538 ,    942.4122356291538 ,    942.4122356291538 ,    942.4122356291538
2026-01-15, binancecoin,    949.0987145957889 ,    949.0987145957889 ,    949.0987145957889 ,    949.0987145957889
2026-01-16, binancecoin,    930.8892064404015 ,    930.8892064404015 ,    930.8892064404015 ,    930.8892064404015
2026-01-17, binancecoin,    937.687896295784  ,    937.687896295784  ,    937.687896295784  ,    937.687896295784
2026-01-18, binancecoin,    946.9959081738135 ,    946.9959081738135 ,    946.9959081738135 ,    946.9959081738135
2026-01-19, binancecoin,    933.8079144307845 ,    933.8079144307845 ,    933.8079144307845 ,    933.8079144307845
2026-01-20, binancecoin,    922.3076030339913 ,    922.3076030339913 ,    922.3076030339913 ,    922.3076030339913
2026-01-21, binancecoin,    884.4648847958442 ,    884.4648847958442 ,    884.4648847958442 ,    884.4648847958442
2026-01-22, binancecoin,    882.3554922284878 ,    882.3554922284878 ,    882.3554922284878 ,    882.3554922284878
2026-01-23, binancecoin,    886.8801866366052 ,    886.8801866366052 ,    886.8801866366052 ,    886.8801866366052
2026-01-24, binancecoin,    890.5047011445338 ,    890.5047011445338 ,    890.5047011445338 ,    890.5047011445338
2026-01-25, binancecoin,    886.0721909071814 ,    886.0721909071814 ,    886.0721909071814 ,    886.0721909071814
2026-01-26, binancecoin,    864.4439519225823 ,    864.4439519225823 ,    864.4439519225823 ,    864.4439519225823
2026-01-27, binancecoin,    878.6274796967367 ,    878.6274796967367 ,    878.6274796967367 ,    878.6274796967367
2026-01-28, binancecoin,    897.6724320123695 ,    897.6724320123695 ,    897.6724320123695 ,    897.6724320123695
2026-01-29, binancecoin,    901.2090745596357 ,    901.2090745596357 ,    901.2090745596357 ,    901.2090745596357
2026-01-30, binancecoin,    867.7347946909455 ,    867.7347946909455 ,    867.7347946909455 ,    867.7347946909455
2026-01-31, binancecoin,    857.3699420639612 ,    857.3699420639612 ,    857.3699420639612 ,    857.3699420639612
2026-02-01, binancecoin,    780.3315668159182 ,    780.3315668159182 ,    780.3315668159182 ,    780.3315668159182
2026-02-02, binancecoin,    757.9446598202101 ,    757.9446598202101 ,    757.9446598202101 ,    757.9446598202101
2026-02-03, binancecoin,    775.3120806273045 ,    775.3120806273045 ,    775.3120806273045 ,    775.3120806273045
2026-02-04, binancecoin,    753.6152462766961 ,    753.6152462766961 ,    753.6152462766961 ,    753.6152462766961
2026-02-05, binancecoin,    699.2319544532423 ,    699.2319544532423 ,    699.2319544532423 ,    699.2319544532423
2026-02-06, binancecoin,    604.901963859174  ,    604.901963859174  ,    604.901963859174  ,    604.901963859174
2026-02-07, binancecoin,    657.306655291851  ,    657.306655291851  ,    657.306655291851  ,    657.306655291851
2026-02-08, binancecoin,    647.57171670411   ,    647.57171670411   ,    647.57171670411   ,    647.57171670411
2026-02-09, binancecoin,    641.3063396421284 ,    641.3063396421284 ,    641.3063396421284 ,    641.3063396421284
2026-02-10, binancecoin,    636.158470811873  ,    636.158470811873  ,    624.6866118200697 ,    624.6866118200697
